SlNo,Barcode,Item Name,Size,Party Name,P.Price,S.Price,Qty,Amount,HSNCode,EAN CODE
1,1837,fancy box 8x8,,Purchase Account,45.00,75.00,15,675.00,,  
2,1839,FANCY BOX 9X9 (B),,Purchase Account,60.00,100.00,3,180.00,,  
3,1841,MIX MINT 150G,,prathamesh enterprise,138.27,200.00,14,1935.71,18069010,8906002482344
4,1842,SNICKERS MINIATURES 300G,,prathamesh enterprise,185.56,238.00,1,167.00,,8906002483082
5,1850,FANCY MATTAL GLASS TRAY,,Purchase Account,2900.00,3400.00,1,2246.57,,  
6,1851,QUALITY STREET 900G,,A ONE SANDEEP,820.00,1500.00,1,820.00,,7613031908370
7,1853,fancy paper bag w hanging.,,local purchase,15.00,30.00,8,120.00,,  
8,1854,paper cup,,Purchase Account,12.00,20.00,20,240.00,,  
9,1860,FANCY BOX 2P,,Purchase Account,99.00,140.00,11,1089.00,,  
10,1866,FANCY SLVER TRAY 10X12,,Purchase Account,150.00,300.00,1,150.00,,  
11,1869,glass hart bowil,,Purchase Account,50.00,100.00,2,97.72,,  
12,1874,fancy box 18x12,,Purchase Account,159.00,400.00,5,795.00,,  
13,1875,HERSHEYS COOKIES CREAM,,local purchase,260.00,450.00,1,260.00,,6942836713034
14,1881,FANCY BOX 15X10,,chheda super market,108.00,150.00,27,2916.00,,  
15,1884,FANCY BOX 12X12 4P BARK,,chheda super market,103.00,200.00,15,1545.00,,  
16,1885,FANCY BOX 10X15,,chheda super market,102.00,175.00,7,714.00,,  
17,1886,FANCY BOX 10X15 FLOWER,,chheda super market,120.00,200.00,4,480.00,,  
18,1888,fancy box 12x18 (110),,chheda super market,159.00,400.00,8,1272.00,,  
19,1891,FANCY BOX M 62,,chheda super market,63.00,100.00,8,504.00,,  
20,1892,FANCY BOX 4L M 64,,chheda super market,75.00,125.00,6,450.00,,  
21,1893,fancy box 9x9,,chheda super market,60.00,100.00,11,660.00,,  
22,1894,AJWA JUMBO,,APMC,1274.00,2750.00,9,11648.18,,  
23,1897,TRIDENT BUBBLEGAM,,A ONE SANDEEP,54.16,120.00,1,54.17,,012546615563
24,1899,HERSHEYS WHITE CHOLATE,,MAHAVIR,58.33,100.00,26,1516.59,,753854500089
25,1910,VOCHELLE DARK MILK,,MAHAVIR,40.00,70.00,5,200.00,,9556049000040
26,1921,WAFFER CRANCHY,,anandi bai,70.00,100.00,2,142.86,,9556390143335
27,1922,MULTIGRAIN CRACKERS,,anandi bai,116.00,165.00,12,1420.43,,9556390263330
28,1930,STARFUN,,m/s new royal,400.00,800.00,2,835.20,,  
29,1932,BISLERI 500ML,,AMAAN MARKETING,6.32,10.00,97,613.09,,8906017290033
30,1933,MAMARA JUMBO,,APMC,2254.00,4400.00,6,13560.06,,  
31,1934,GINGER SLICES,,m/s new royal,280.00,750.00,5,1298.92,,  
32,1936,BABY ORANGE SOFT,,APMC,392.00,750.00,8,3279.86,,  
33,1942,MALLOW CANDY 160G,,A ONE SANDEEP,47.00,80.00,9,423.00,,6921667863484
34,1944,DAVIDOFF CAFE,,local purchase,320.00,550.00,2,640.04,0901,4006067084300
35,1949,POTTATO MIX,,m/s new royal,440.00,700.00,4,1813.24,,  
36,1950,DELIGHT DATES IRAN,,Purchase Account,180.00,375.00,0,0.72,,  
37,1957,LINDT 99% CACAO,,local purchase,240.00,350.00,6,1440.00,,3046920028721
38,1959,LINDT CHILLI 100G,,local purchase,190.00,330.00,5,950.00,,7610400070577
39,1960,LINDT BLUEBERRY INTENSE,,MAHAVIR,180.00,300.00,2,360.00,,3046920029452
40,1961,LINDT 85% COCOA,,A ONE SANDEEP,185.00,330.00,3,555.03,,3046920028363
41,1964,PEACH DRY,,m/s new royal,550.00,980.00,0,1.10,,  
42,1965,HONEY ALMOND,,m/s new royal,900.00,1500.00,5,4249.80,,  
43,1966,CASHEW  R SALT,,m/s new royal,1000.00,1500.00,8,8445.00,,  
44,1972,FANCY TRY GLASS,,Cash,2498.43,3100.00,1,2498.43,,  
45,1973,FANCY BOX W CHO300G,,Cash,250.00,400.00,1,250.00,,  
46,1978,FOX PASSION MINTS 125G,,MAHAVIR,50.00,75.00,3,150.01,,8992696416598
47,1979,fox sqring tea,,jublee,50.00,75.00,5,250.00,,`8992696421646
48,1983,TIM TAM STRABERRY,,jublee,100.00,140.00,1,100.00,,8886015433123
49,1985,TIM TAM VANILA,,jublee,90.00,120.00,1,90.00,,8886015427139
50,1986,OREO STRAWBERRY,,MAHAVIR,50.00,90.00,1,50.00,,7622300136055
51,1989,OREO  BISKUIT,,MAHAVIR,50.00,90.00,8,400.02,,8992760221028
52,1990,OREO DELIGHT,,MAHAVIR,50.00,90.00,1,50.00,,8992760121090
53,1996,MABROOM DATES BIG,,APMC,644.00,1200.00,3,2221.80,,  
54,1998,MARS MINIATURES 150G,,prathamesh enterprise,111.74,149.00,3,301.72,1806,4011100023710
55,1999,BOUNTY MINIATURES 150G,,prathamesh enterprise,111.74,149.00,11,1106.29,1806,4011100023925
56,2000,GALAXY HOME PACK,,prathamesh enterprise,56.25,75.00,10,506.28,18069010,8906002481606
57,2001,GALAXY S M 40G,,prathamesh enterprise,30.00,40.00,31,837.05,1806,6221134001068
58,2020,M&M CHOCOLATE 45G,,jublee,31.25,80.00,8,250.01,,40111490
59,2021,PINNUTS PLAIN,,m/s new royal,2500.00,3000.00,1,2500.00,,  
60,2027,CHO CHO CHOCOLATE MEISES,,jublee,29.00,45.00,6,174.00,,8992952951054
61,2028,CHO CHO STRAWABARRY,,jublee,29.00,45.00,3,87.00,,8992952924461
62,2030,OREO MINI STAWBURRY,,A ONE SANDEEP,80.00,130.00,5,399.97,,7622210462534
63,2031,GALAXY SM 19.1G,,prathamesh enterprise,15.00,20.00,69,931.46,1806,6221134003048
64,2032,CHO 700 Kgs,,yumm fresh,350.00,700.00,16,6401.20,,  
65,2035,CADBURY DRINGING CHOCOLATE,,A ONE SANDEEP,150.00,260.00,5,750.04,,5000312000670
66,2037,voCHELL ALMONDS,,MAHAVIR,40.00,70.00,26,1040.00,,9556049000026
67,2042,cadbury old gold original,,local purchase,350.00,480.00,2,700.00,,9300617041153
68,2046,LOLLIPOP RockNcandy15G,,local purchase,8.12,15.00,64,519.71,,82805662208696
69,2050,RAGU TRADITIONAL 396G,,MAHAVIR,180.00,250.00,2,334.75,,036200005804
70,2051,RAGU PIZZA SAUCE 397G,,MAHAVIR,150.00,230.00,3,418.43,,036200005507
71,2055,MENTOOS MINT 37G,,local purchase,16.25,25.00,7,113.76,,8990800100012
72,2059,SAFFRON SPAIN 1GM,,local purchase,280.00,450.00,7,1960.00,,  
73,2061,pvc pouch baby,,Packing Materials,12.00,20.00,14,168.00,,  
74,2062,pvc pouch,,local purchase,15.00,20.00,256,3328.00,,  
75,2064,Saffron 1/2 Gm,,APMC,80.00,199.00,16,1280.00,,8908002180305
76,2065,nutelLA  FERRERO 180g,,A ONE SANDEEP,165.00,240.00,8,1320.06,,80177425
77,2088,CHOCOLATE DATE ALMONDS 140G,,jublee,65.00,140.00,11,715.00,,  
78,2091,KHAJOOR DRY FRUITS ROLL 250G,,m/s new royal,150.00,210.00,2,300.00,,  
79,2098,HARVEYS PENUT BUTTER,,MAHAVIR,80.00,140.00,1,80.00,,8906037694705
80,2099,HARVEYS CRUNCHY,,MAHAVIR,80.00,140.00,1,80.00,,8906037694712
81,2100,SOUR PUNK TAMARIND,,local purchase,20.41,30.00,9,183.70,,8850632607663
82,2104,PRINGLES SALT VINEGAR,,A ONE SANDEEP,108.00,170.00,5,540.03,,038000844997
83,2107,ROST MUKAVAS,,MUKHWASH,250.00,400.00,5,1309.50,,  
84,2108,JANTA MUKAVAS,,MUKHWASH,155.00,300.00,6,859.94,,  
85,2110,VEGA RICA NON ALCOHOLIC WINE,,A ONE SANDEEP,210.00,320.00,1,210.00,,8432286006131
86,2111,GLASS BOWL,,local purchase,120.00,200.00,2,234.53,,  
87,2112,GLASS BOWL S,,local purchase,83.33,150.00,2,162.87,,  
88,2113,GLASS LEAF,,local purchase,50.00,100.00,3,146.58,,  
89,2145,KERK VEGTABLE DELUXF CRACKERS,,MAHAVIR,110.00,145.00,10,1100.02,,9556085318734
90,2146,KERK ORIGINAL DELUXE CRACKERS,,MAHAVIR,110.00,145.00,10,1100.01,,9556085555733
91,2147,KERK KRAKER KEJU DELUXE,,A ONE SANDEEP,125.00,199.00,3,375.02,,9556085794828
92,2148,KERK DELUXE PEANUT BUTTER,,MAHAVIR,130.00,199.00,4,520.03,,9556085792923
93,2155,POTATO MSALA STICK,,APMC,150.00,300.00,0,0.30,,  
94,2157,SCHEZWAN PASTA STICK,,APMC,120.00,200.00,4,424.82,,  
95,2158,MASALA WAFERS,,APMC,120.00,250.00,3,387.36,,  
96,2163,CEVEL CHOCOLATE,,APMC,320.00,600.00,1,428.82,,  
97,2164,JELLY CANDY,,m/s new royal,60.00,100.00,9,540.00,,  
98,2171,HERSHEYS SYRUP CARAMEL 623G,,A ONE SANDEEP,160.00,200.00,3,479.96,,8901071211192
99,2172,GWB 4PG 8X8,,renz,150.00,200.00,33,4975.34,,  
100,2173,FB 4LG,,renz,45.00,80.00,38,1718.76,,  
101,2174,FB4LG 1Kgs,,renz,60.00,150.00,7,422.15,,  
102,2175,LOLIPOP STICKS,,local purchase,7.70,10.00,42,323.47,,  
103,2178,BEE CLASSIC PREMIUM,,M/S LivRite Foods LLP,166.67,250.00,3,500.01,,8908006921003
104,2179,BEE RAW KASHMIRI HONEY,,M/S LivRite Foods LLP,266.67,400.00,5,1333.60,,8908006921072
105,2180,BEE CLASSIC PREMIUM 400ML,,M/S LivRite Foods LLP,256.67,385.00,3,770.16,,8908006921010
106,2181,BEE KASHMIRI PREMIUM HONEY,,M/S LivRite Foods LLP,360.00,540.00,3,1080.00,,8908006921034
107,2182,BELICIOUS KASHMIRI PREMIUM HONEY,,M/S LivRite Foods LLP,233.33,350.00,5,1166.67,,8908006921027
108,2183,BOUNTY MINT BAG 270G,,prathamesh enterprise,171.74,229.00,5,772.88,1806,5000159473279
109,2193,FANTA GRAPE 330ML,,MAHAVIR,52.08,75.00,2,104.17,,8888002084004
110,2208,FOXS BERRIES 38G,,local purchase,22.91,40.00,1,22.91,,8992696420014
111,2209,JellyBarbecue Sticks,,local purchase,11.66,20.00,102,1189.28,,  
112,2220,DOLPHIN FRUITY LOOSE,,anandi bai,3.96,10.00,100,395.83,,  
113,2236,chiko milk,,anandi bai,202.00,299.00,14,2828.00,,9501034777759
114,2237,CHIKO ECLRS.HONY 750G,,anandi bai,202.00,299.00,13,2626.00,,9501034777520
115,2238,chiko herzelnut,,anandi bai,202.00,299.00,13,2626.00,,9501034777513
116,2239,CHIKO ECLR CHOCO 750,,anandi bai,202.00,299.00,19,3838.00,,9501034778008
117,2240,ASSOURTED TOFFEES 800G,,anandi bai,155.00,250.00,9,1395.00,,9501034830010
118,2243,CKIKO BUTTER TOPS,,anandi bai,202.00,290.00,15,3030.00,,9501034697521
119,2253,SOUR PUNK COLA,,jublee,18.33,30.00,1,18.33,,8850632600367
120,2255,HERSHEYS CREAM CHOCOLATE,,MAHAVIR,58.33,100.00,36,2099.91,,753854500102
121,2284,FANCY BYCICAL S,,jublee,90.00,165.00,7,630.03,,  
122,2285,FANCY BYCICAL (S),,local purchase,150.00,200.00,1,150.00,,  
123,2286,FANCY S TRAY,,local purchase,50.00,100.00,1,50.00,,  
124,2296,APRICOT JARDALU SMALL,,APMC,710.00,1100.00,9,6074.76,,  
125,2305,PRINGLES SALT VINEGAR 165G,,A ONE SANDEEP,120.00,170.00,3,360.00,,5053990101580
126,2328,TANG MIX FRUIT 84G,,local purchase,45.00,80.00,3,135.02,,7622210382450
127,2329,TANG MANGO 84G,,jublee,45.00,80.00,1,45.00,,7622210382412
128,2331,LOVE HEART,,A ONE SANDEEP,0.49,1.00,1343,658.07,,  
129,2341,AMERICAN WITE GRAPE,,local purchase,50.00,75.00,4,200.01,,8850534110445
130,2342,AMERICAN STRAWBERRY 300ML,,local purchase,50.00,95.00,6,300.02,,8859032701278
131,2343,american mango,,A ONE SANDEEP,50.00,75.00,2,100.00,,8850534112944
132,2344,AMERICAN APPLE 300ML,,A ONE SANDEEP,50.00,75.00,5,250.00,,8850534112937
133,2368,LYNDT LINDOR STRAWBERRY,,jublee,600.00,1000.00,1,600.00,,8003340095301
134,2375,SNICKERS SNACK 25G 2,,prathamesh enterprise,15.00,20.00,30,405.01,1806,8906002482481
135,2381,FRSH FRUIT STRAWBERRY,,SURENDRAN STORE,162.50,250.00,2,308.10,,  
136,2382,FRESH FRUITS GRAPE,,SURENDRAN STORE,100.00,150.00,0,0.40,,  
137,2384,ANNELEEN RED GRAPE,,A ONE SANDEEP,130.00,250.00,1,130.01,,5414145065995
138,2392,KESAR SUGAR,,m/s new royal,200.00,400.00,0,0.40,,  
139,2394,ERKO MARSHMALLOW 160G,,A ONE SANDEEP,48.00,80.00,8,384.06,,6914253437633
140,2426,MUNCHYS CREAM CRACKES,,MAHAVIR,135.00,170.00,4,540.00,,9556439880979
141,2427,MUNCHYS SUGAR CRACKES,,MAHAVIR,135.00,170.00,6,810.01,,9556439888555
142,2430,FIG AFGHAN BIG,,APMC,1250.00,1750.00,17,20773.43,0804,  
143,2431,PUSAN CHOKOVERTO,,A ONE SANDEEP,7.70,15.00,65,500.53,,8992730997014
144,2461,DOJO STONE CHOCOLATE,,m/s new royal,400.00,750.00,0,0.80,,  
145,2466,FOX CRYSTAL FRUITS 90G,,A ONE SANDEEP,38.00,60.00,12,455.97,,8992696419308
146,2468,NESCAFE GOLD 50G,,A ONE CHOCOLATE,205.00,320.00,2,410.00,,8801055707119
147,2483,SOUR PUNK COLA 40G,,jublee,20.41,30.00,7,142.88,,8850632603689
148,2484,SOUR PUNK STRAWBERRY 40G,,local purchase,20.00,30.00,21,419.99,,8850632603566
149,2505,TANG MANGO P 500G,,MAHAVIR,100.00,220.00,2,200.00,,7622300292416
150,2519,SNICKERS FREE RS.20 PAYTM,,prathamesh enterprise,29.99,40.00,22,593.80,1806,8906002482450
151,2521,RITE BITE MAX PROTEIN 75G,,prathamesh enterprise,76.27,120.00,17,1296.64,,8906009531335
152,2522,RITE BITE WORK OUT CLASSIE50G,,prathamesh enterprise,38.14,60.00,42,1601.89,21069099,8906009531533
153,2524,RITE BITE WORK OUT ALMOUNT 50 G,,prathamesh enterprise,41.31,65.00,7,289.17,21069099,8906009532356
154,2531,MAGIC MINT,,balaji international,75.00,100.00,35,2625.00,,  
155,2532,HARSHEYS COOKIES,,local purchase,61.66,100.00,27,1664.87,,753854500065
156,2553,BHAKAR VADI,,APMC,110.00,250.00,0,0.22,,  
157,2555,FRUIT MIX SPL,,APMC,392.00,800.00,10,3955.07,,  
158,2560,PRINGLES ORIGINAL 40G,,A ONE SANDEEP,50.00,70.00,2,100.00,,5053990107339
159,2562,PRINGLES HOT SPICY 40G,,A ONE SANDEEP,50.00,70.00,2,100.00,,5053990107292
160,2563,ROOHAFZA 800ML,,ajfan,195.00,350.00,64,12480.00,,8964000122013
161,2567,TWININGS GREEN TEA EARLGREY,,A ONE CHOCOLATE,195.00,300.00,2,390.00,,070177173296
162,2569,TWININGS GREEN TEA &FOREST FRUITS,,A ONE SANDEEP,190.00,300.00,1,189.99,,070177283100
163,2598,CHO CHO CHOLATE PASTE 400G,,A ONE SANDEEP,150.00,225.00,1,150.00,,8992952924485
164,2599,FANCU BASKET ROUND 12IN,,MAHAVEER FANCY,150.00,250.00,1,150.00,,  
165,2600,FANCY BASKET ROUND 11IN,,MAHAVEER FANCY,100.00,200.00,1,100.00,,  
166,2604,DRY DATES BLACK BIG,,m/s new royal,200.00,450.00,4,757.60,,  
167,2605,SNICKERS SNACK 25G,,prathamesh enterprise,15.59,20.00,46,645.38,1806,6294001819226
168,2608,TIFFANY CHOCOLATE WAFFER153G,,A ONE SANDEEP,53.00,75.00,2,106.02,,6291003005602
169,2618,PURE HEAVEN RED GRAPE 750ML,,A ONE SANDEEP,150.00,299.00,6,900.00,,5032619300009
170,2619,PURE HEAVEN WHIT GRAP W PEACH 750ML,,A ONE SANDEEP,155.00,299.00,11,1705.00,,5032619300047
171,2625,ALMONT ROCKS,,FINE H M CHOCOLATE,1150.00,1690.00,5,6012.20,,  
172,2627,BISLERI 250ML,,AMAAN MARKETING,4.56,6.00,39,177.82,,8906017290026
173,2637,"CANE R BASKET WW/H13""",,renz,300.00,450.00,1,301.54,,  
174,2638,FANCY GIFT TRAY 300G,,renz,79.00,150.00,13,1032.26,,  
175,2651,FANCY TRAY 9X9,,local purchase,47.13,90.00,40,1885.33,,  
176,2652,GALAXY CRISPY 36GM,,prathamesh enterprise,30.00,40.00,31,837.01,1806,6294001800279
177,2653,PLUMS SOFT,,APMC,490.00,900.00,12,5879.28,,  
178,2655,FOX PASSION MINTS 90G,,A ONE SANDEEP,40.00,60.00,5,200.00,,8992696416611
179,2671,HERSHEYS SYRUP GENUIN 623G,,local purchase,135.00,200.00,3,405.02,,8901071706834
180,2672,TANG LEMON&MINT,,local purchase,50.00,80.00,9,450.00,,7622210382573
181,2686,FOXS CRYSTAL CLEAR 90G,,A ONE SANDEEP,35.00,60.00,1,35.00,,8992696418936
182,2687,ANCHOR 400G,,A ONE SANDEEP,410.00,600.00,1,409.93,,9415007015758
183,2688,TRIDENT WATTER MELON,,A ONE SANDEEP,54.00,120.00,4,216.03,,070221007409
184,2689,TRIDENT SPEARMINT,,local purchase,50.00,120.00,17,849.97,,070221007362
185,2691,TRIDENT CINNAMON,,local purchase,58.33,120.00,9,524.98,,070221007348
186,2699,DEGLET NOOR DATES.,,APMC,160.00,400.00,1,86.08,,  
187,2700,PAPER BOAT AAMRAS 180ML,,AYU INVESTMENTS,14.88,20.00,7,100.01,,8906080600623
188,2701,PAPER BOAT JALJEERA180ML,,AYU INVESTMENTS,14.88,20.00,6,85.72,22029030,8906080600906
189,2702,PAPER BOAT ANAR180ML,,AYU INVESTMENTS,18.60,25.00,5,89.29,22029030,8906080600937
190,2704,PAPER BOAT KOKUM180ML,,AYU INVESTMENTS,14.88,20.00,11,157.15,2202,8906080601088
191,2705,PAPER BOAT SANTRA 180ML,,AYU INVESTMENTS,14.88,20.00,7,100.01,22029030,8906080600944
192,2706,PAPER BOAT ALPHONSO 150ML,,AYU INVESTMENTS,11.64,15.00,10,107.10,22029030,8906080600432
193,2707,PRINGLES SALT& VINEGAR,,jublee,50.00,70.00,1,50.00,,5053990107360
194,2708,PRINGLES orginal 40G,,MAHAVIR,50.00,70.00,8,400.04,,038000845512
195,2710,chiko kokanaut,,anandi bai,193.00,290.00,5,965.00,,9501034689007
196,2715,TAYAS ORIENT HAZELNUTS,,MAHAVIR,30.00,70.00,9,270.00,,8690997022448
197,2716,TAYAS ORIENT ALMONT,,MAHAVIR,30.00,70.00,10,300.00,,8690997022462
198,2752,HERSHEYS KISSES HAZELNUTS,,local purchase,260.00,450.00,1,260.00,,6942836713027
199,2777,HARIBO CHAMALLOWS,,A ONE SANDEEP,100.00,150.00,6,600.00,,5012035928667
200,2778,CHO CHO CHOCOLATE,,A ONE SANDEEP,160.00,250.00,2,320.01,,8992952910013
201,2779,MAGGI MASALA CHIKAN,,local purchase,9.15,20.00,23,210.44,,6221007004066
202,2780,KOPIKO MINI COFFEE 135,,local purchase,100.00,150.00,4,400.00,,8886001012721
203,2784,TRIDENT ORANGE,,local purchase,50.83,120.00,15,762.51,,070221007386
204,2791,SAFAWI DATES,,APMC,490.00,900.00,27,13220.69,,  
205,2798,LINDT PISTACHE GRILLE,,jublee,210.00,330.00,2,420.01,,3046920010481
206,2800,LINDT SWISS HAZAL NUT 100G,,jublee,230.00,350.00,2,460.00,,7610400010023
207,2801,Julies lemond chocolate 170gm,,MAHAVIR,145.00,200.00,12,1740.01,,9556121022496
208,2819,ALMARAI CHEESE 120G,,local purchase,176.00,230.00,5,880.00,,6281007035378
209,2820,KIT KAT WHITE,,MAHAVIR,16.66,75.00,5,83.30,,7613035510999
210,2821,SINCERO MIXED BERRIES,,DIVIN FOODS,349.30,499.00,1,349.33,,8888192050889
211,2825,SINCERO BLUEBERRIES,,DIVIN FOODS,349.30,499.00,3,1047.82,,8888192050858
212,2827,SINCERO RAISINS,,DIVIN FOODS,349.30,499.00,4,1397.09,,8888192050865
213,2831,TOFFO ORIGINAL TOFFEE,,local purchase,14.50,20.00,79,1145.52,,6294003544188
214,2834,TAYAS ORIENT,,MAHAVIR,30.00,70.00,6,180.00,,8690997022455
215,2840,OREO SOFT CAKE,,MAHAVIR,15.83,25.00,72,1139.75,,7622300335809
216,2842,QUINOA PUFFS ZESTY KALE,,JETHALAL MEGHJI TRADING CO,57.14,80.00,1,50.00,21069099,8908006634057
217,2843,QUINOA PUFFS SAUCY SALSA,,JETHALAL MEGHJI TRADING CO,57.14,80.00,5,250.01,,8908006634064
218,2851,Nuts Mix SPL,,D D INTERNATIONAL,699.79,1000.00,0,2.80,,  
219,2852,SNICKERS MINIATURES150G,,prathamesh enterprise,105.00,140.00,10,945.06,1806,4011100037915
220,2875,ROYAL DANSK CHOCOLATE,,A J INTEX,263.00,350.00,10,2630.00,,077330337786
221,2889,RAHM MANDEL CHOCOLATE,,jublee,240.00,370.00,3,720.00,,22111111
222,2892,NIPPLE JAR,,local purchase,14.00,30.00,34,476.03,,6914204335285
223,2897,BOURNVILLE CLASSIC,,jublee,220.00,330.00,1,220.01,,7622210098917
224,2899,kismis afgan big,,THATHAKER,725.00,1400.00,11,8249.05,,  
225,2900,AMERICAN STYLE COCNUT JUICE 300ML,,A ONE SANDEEP,50.00,75.00,1,50.00,,8859032701339
226,2902,TANGO ALMONDS 140G,,A J INTEX,76.00,150.00,28,2128.00,,9556032030474
227,2903,TANGO MILK CHOCO 140G,,A J INTEX,76.00,150.00,30,2280.00,,9556032030467
228,2906,NESTLE NIDO FORTIFIE 400G,,MAHAVIR,420.00,530.00,5,2100.29,,8717896007168
229,2907,LINDT EXCELLENCE 78% CACAO,,jublee,210.00,330.00,2,420.02,,3046920010047
230,2914,KRAFT CHEDDAR 250G,,A ONE SANDEEP,170.00,350.00,4,680.11,,9300650263437
231,2916,GIFT PACK,,yumm fresh,20.00,30.00,8,160.00,,  
232,2918,CASHEW W400,,APMC,818.50,1200.00,0,3.28,0801,  
233,2921,YOGITO POP,,A ONE SANDEEP,2.17,10.00,62,134.54,,  
234,2926,LOINDOR MILK CHOCOLATE 38G,,jublee,90.00,130.00,5,450.00,,4000539363108
235,2928,LOACKER COCOA & MILK,,jublee,220.00,299.00,1,220.00,,8000380180783
236,2930,LOACKER TIRAMISU,,jublee,220.00,299.00,2,440.01,,8000380140541
237,2932,ALMARAI SLICES BURGER,,local purchase,280.00,380.00,3,840.00,,6281007169004
238,2933,ALMARAI SLICES LOW FAT,,local purchase,280.00,380.00,3,840.00,,6281007184489
239,2934,PRINGLES SOUR CREAM & ONION 40G,,MAHAVIR,50.00,70.00,6,300.03,,5053990107377
240,2938,PAPER BOAT LYCHEE RAS 180ML,,AYU INVESTMENTS,14.88,20.00,9,128.58,22029030,  
241,2951,CANDY WILD BERRY,,jublee,175.00,225.00,1,175.00,,4037719068317
242,2953,SOUR CHERRY DROP,,MAHAVIR,180.00,225.00,3,540.01,,4013197767027
243,2954,BUTTERSCOTCH DROPS,,MAHAVIR,180.00,225.00,1,180.00,,4037719167072
244,2963,TANGLY MANGO PICKLE,,JAI SHRI KRISHNA,70.00,105.00,2,140.00,,  
245,2964,JEERA KAIRI PICKLE,,JAI SHRI KRISHNA,80.00,120.00,1,80.00,,  
246,2965,LIMBOO CHATNI PICKLE,,JAI SHRI KRISHNA,55.00,85.00,3,165.00,,  
247,2966,CHHUNDA PICKLE,,JAI SHRI KRISHNA,55.00,85.00,2,110.00,,  
248,2970,MIX MASALA PICKLE,,JAI SHRI KRISHNA,60.00,90.00,1,60.00,,  
249,2975,LIMBOO CHATNI PICKLE,,JAI SHRI KRISHNA,55.00,85.00,1,55.00,,  
250,2977,MURABBA PICKLE,,JAI SHRI KRISHNA,65.00,100.00,1,65.00,,  
251,2978,LIMBOO MASALA PICKLE,,JAI SHRI KRISHNA,65.00,100.00,1,65.00,,  
252,2981,GREEN CHILLY PICKLE,,JAI SHRI KRISHNA,60.00,90.00,3,180.00,,  
253,2985,TROPICANA APPLE DELIGHT 200G,,PIONEER SALES CORPORATION,17.54,20.00,13,180.18,22029020,8902080011445
254,2987,TROPICANA LITCHI 200ML,,PIONEER SALES CORPORATION,15.74,20.00,3,44.07,22029020,8902080011278
255,2990,TROPICANA MOSAMBI DELIGHT 200ML,,PIONEER SALES CORPORATION,16.04,20.00,4,47.53,22029020,8902080011018
256,2991,TROPICANA POMEGRANATE DELIAGHT 200ML,,PIONEER SALES CORPORATION,15.77,20.00,1,14.72,22029020,8902080011612
257,2996,TROPICANA APPLE JUICE,,PIONEER SALES CORPORATION,23.66,30.00,12,265.02,2009,8902080011032
258,2997,TROPICANA ORANGE JUICE,,PIONEER SALES CORPORATION,23.66,30.00,1,22.09,2009,8902080011025
259,3019,BEE CLASSIC HONEY 30GM,,M/S LivRite Foods LLP,26.67,40.00,12,320.04,,  
260,3020,BEE KASHMIRI HONEY 30G,,M/S LivRite Foods LLP,33.33,50.00,8,266.66,,  
261,3030,LINDT LINDOR STRAWBERRY,,local purchase,550.00,1000.00,3,1650.00,,8003340097619
262,3033,chaakri khakra methi masala,,SHRAMIK NAARI SANGH,90.00,85.00,3,162.00,19059090,8901456000045
263,3034,chaakri khakra khichdi,,SHRAMIK NAARI SANGH,51.00,85.00,1,51.01,19059090,8901456000038
264,3037,chaakri breakfast khakra,,SHRAMIK NAARI SANGH,90.00,85.00,3,162.00,19059090,8901456000021
265,3038,chaakri khakra jeera,,SHRAMIK NAARI SANGH,90.00,85.00,2,108.00,19059090,8901456000014
266,3039,chaakri khakra peppery oats,,SHRAMIK NAARI SANGH,63.00,105.00,1,62.98,19059090,8901456000120
267,3040,chaakri khakra punjabi masala,,SHRAMIK NAARI SANGH,90.00,85.00,4,216.00,19059090,8901456000069
268,3041,chaakri khakra diet methi,,SHRAMIK NAARI SANGH,90.00,85.00,6,324.00,19059090,8901456000106
269,3042,chaakri khakra low calorie,,SHRAMIK NAARI SANGH,51.00,85.00,2,102.01,19059090,8901456000113
270,3043,chaakri khakra nachni,,SHRAMIK NAARI SANGH,90.00,85.00,8,432.00,19059090,8901456000052
271,3044,FERRERO  ROCHER  T 16,,A ONE SANDEEP,355.00,550.00,9,3195.15,,8000500037874
272,3045,MUNCHYS CRACKER SANDWICH,,MAHAVIR,140.00,175.00,4,560.01,,9556439887138
273,3047,TIM TAM CAPPUCINO,,jublee,100.00,140.00,3,300.00,,8886015423131
274,3050,AMERICAN GREEN HONEY 80G,,local purchase,80.00,120.00,16,1280.00,,003004575512
275,3052,JAF TEA MINT 50G,,SALEEM BAI,100.00,200.00,2,200.01,,4791038200505
276,3055,LINDT ORANGE,,local purchase,190.00,330.00,6,1140.09,,3046920028370
277,3056,NESCAFE GREEN COFFEE BLEND,,A ONE SANDEEP,195.00,480.00,3,585.03,,8992696428690
278,3058,BOOBOO STRAWBERRY CO CANDY,,U K SALES,66.97,100.00,8,521.43,,8906090980067
279,3059,BOOBOO ORIGINAL CO CANDY,,U K SALES,66.97,100.00,9,586.62,,8906090980043
280,3060,BOOBOO COCOA CO CANDY,,U K SALES,66.97,100.00,10,651.80,,8906090980050
281,3061,BOOBOO COFFEE CO CANDY,,U K SALES,66.97,100.00,12,782.16,,8906090980074
282,3062,RITI BITE NUTRITION BAR 40G,,prathamesh enterprise,22.25,35.00,27,600.78,,8906009531212
283,3063,RITE BITE SPORTS BAR 40G,,prathamesh enterprise,25.42,40.00,19,483.00,,8906009531816
284,3069,JOLLY RANCHER LOLLY POP,,MAHAVIR,18.00,25.00,4,72.00,,107073
285,3072,GIFT PACK,,local purchase,13.00,20.00,48,624.00,,  
286,3074,PAPER BOAT APPLE 180ML,,AYU INVESTMENTS,14.88,20.00,13,185.72,2202903,8906080600951
287,3075,PAPER BOAT AAM PANNA 180ML,,AYU INVESTMENTS,14.88,20.00,7,100.01,22029030,8906080600913
288,3079,Cadbury Dairy MILK Chocolate 165g,,A ONE SANDEEP,130.00,220.00,13,1690.06,,7622210410474
289,3083,M&M STRAWBERRY 160G,,jublee,380.00,550.00,1,380.00,,9300682049313
290,3087,KHAJOOR DRY FRUITS ROLL 250G,,m/s new royal,150.00,210.00,2,300.00,,  
291,3088,ANJEER DRYFRUITS KATLI250G,,m/s new royal,150.00,210.00,1,150.00,,  
292,3094,TRY 15MM,,local purchase,150.00,300.00,4,600.00,,  
293,3095,TRY18MM,,local purchase,150.00,400.00,3,450.00,,  
294,3105,PLAIN SOOP,,MUKHWASH,175.00,250.00,3,495.25,,  
295,3107,FERRERO ROCHER 375G,,A ONE SANDEEP,610.00,900.00,2,1219.99,,8000500032237
296,3108,captain fruits mallow,,A ONE SANDEEP,100.00,150.00,2,200.00,,6925448108894
297,3109,RITE BITE MAX PROTEIN 67G,,prathamesh enterprise,76.27,120.00,15,1144.06,2106,8906009531311
298,3110,RITE BITE WORK OUT BERRY 50G,,prathamesh enterprise,41.31,65.00,53,2189.54,,8906009532363
299,3111,CADBURY ROST ALMUND 165G,,jublee,130.00,220.00,1,130.00,,7622210400291
300,3114,PROSTEL GINGER,,A ONE SANDEEP,35.41,60.00,3,106.25,,4004591038660
301,3115,PROSTEL APPLE,,A ONE SANDEEP,35.41,60.00,3,106.25,,4004591038431
302,3116,PROSTEL RASPBERRY,,A ONE SANDEEP,35.41,60.00,3,106.25,,4004591038448
303,3117,PROSTEL CLASSIC,,A ONE SANDEEP,35.41,60.00,3,106.25,,4004591038400
304,3118,PROSTEL LEMON,,A ONE SANDEEP,35.41,60.00,2,70.83,,4004591038417
305,3119,BISLERI 300ML,,bisilery,5.44,10.00,60,326.36,,8906017290583
306,3121,TROPICANA MANGO DELIGHT 200G,,PIONEER SALES CORPORATION,15.74,20.00,3,44.07,,8902080011254
307,3123,CHIKO MILKE,,anandi bai,202.00,290.00,5,1010.00,,9501034690010
308,3124,chiko royal,,anandi bai,202.00,290.00,27,5454.00,,9501034607506
309,3125,CHIKO KOFFY,,anandi bai,198.00,290.00,5,990.00,,9501034639002
310,3129,KAHAJUR DRYFRUITS KATALES,,m/s new royal,150.00,210.00,4,600.00,,  
311,3132,MACANA ALL MIX,,m/s new royal,80.00,130.00,1,80.00,,  
312,3134,MACANA PUDINA,,m/s new royal,80.00,130.00,5,400.00,,  
313,3136,KACHHA KERI SWEETS,,MADE IN INDIA,800.00,1100.00,0,1.60,21069099,  
314,3139,ARABIAN GARDAN PASSION FRUIT,,MAHAVIR,45.83,75.00,4,183.35,,8936020052861
315,3140,ARABIAN GARDAN COCKTAIL,,MAHAVIR,45.83,75.00,5,229.18,,8936020052922
316,3141,ARABIAN GARDAN ORANGE,,A ONE SANDEEP,39.58,75.00,6,237.48,,8936020052878
317,3147,MAZAFATI DATES,,APMC,90.00,180.00,25,2250.02,,6260407810013
318,3150,WOODEN BOX SILVER 61,,NIMESH SHAH,230.00,340.00,1,230.00,,  
319,3151,WOODEN BOX COPPER 61,,NIMESH SHAH,230.00,340.00,1,230.00,,  
320,3152,WOODEN BOX  B48,,NIMESH SHAH,385.00,500.00,2,770.00,,  
321,3153,WOODEN BOX B13,,NIMESH SHAH,275.00,400.00,2,550.00,,  
322,3154,WOODEN BOX B10,,NIMESH SHAH,365.00,475.00,17,6205.00,,  
323,3155,WOODEN BOX B55,,NIMESH SHAH,275.00,400.00,10,2750.00,,  
324,3157,WOODEN BOX  B21,,NIMESH SHAH,250.00,250.00,19,4750.00,,  
325,3158,WOODEN BOX  B22,,NIMESH SHAH,240.00,320.00,4,960.00,,  
326,3159,WOODEN BOX  B6,,NIMESH SHAH,345.00,450.00,17,5865.00,,  
327,3165,FOXS FRUITS  NEW,,MAHAVIR,110.00,170.00,4,440.01,,8992696415409
328,3166,FOX BERRIES 180G,,MAHAVIR,110.00,170.00,2,220.01,,8992696418509
329,3168,NESTLE MILO 400G,,MAHAVIR,240.00,350.00,1,240.03,,8888082117722
330,3170,PAPER BOX GIF,,local purchase,25.00,50.00,15,375.00,,  
331,3176,TIM TAM VANILA,,jublee,100.00,140.00,1,100.00,,8886015427139
332,3177,TOBLERONE FURT&NUT,,MAHAVIR,85.00,160.00,21,1785.08,,7622300107949
333,3178,lolipop big round,,jublee,9.00,25.00,18,162.00,,  
334,3179,PEANUT CANDY,,m/s new royal,150.00,400.00,6,918.30,,  
335,3183,VINTAGE ALMONDS,,MAHAVIR,260.00,380.00,1,260.00,,9557940208016
336,3184,FLUFFY FRUIT FLAVOR MARSHMALLOW,,A ONE SANDEEP,47.00,80.00,34,1598.08,,6927262801883
337,3185,PRINGLES SALT VINEGAR 158G,,jublee,107.00,170.00,3,321.02,,038000138607
338,3187,PRINGLES SOUR CREAM & ONION,,A ONE SANDEEP,108.00,170.00,3,324.00,,038000138430
339,3188,PRINGLES ORIGINAL,,jublee,107.00,170.00,3,321.02,,038000138416
340,3190,CHAAKRI BAJRI METHI KHAKHRA,,SHRAMIK NAARI SANGH,63.00,105.00,2,126.02,210690,8901456000182
341,3198,HONEY DRY FRUITS MIX,,local purchase,380.00,520.00,1,380.00,,  
342,3199,QUINOA PUFFS PEPPY CHEESE,,RAJKALA INDUSTRIES PVT,53.57,80.00,7,375.01,,  
343,3214,MOD 002CE-6GD,,local purchase,2000.00,3500.00,3,6000.00,,  
344,3215,MOD 004CGD,,local purchase,2000.00,3200.00,1,2000.00,,  
345,3216,MOD 005 GLASS PLATES,,local purchase,550.00,1050.00,2,1100.00,,  
346,3217,MOD 55818 SSG MATAL TRY,,local purchase,1100.00,1900.00,1,1100.00,,  
347,3218,MOD 561185 MATEL TRAY,,local purchase,1100.00,1900.00,1,1100.00,,  
348,3219,MOD BJW 3014 GLASS PLATE,,local purchase,350.00,650.00,1,350.00,,  
349,3223,KITKAT 2 FINGER 20.5G,,local purchase,16.66,30.00,36,599.81,,6294003532956
350,3226,WOODEN BASKET 18X12,,ANITA VIKTOR WOODEN TOCRY,130.00,350.00,4,520.00,,  
351,3227,WOODEN BASKET 18X12,,ANITA VIKTOR WOODEN TOCRY,200.00,450.00,4,800.00,,  
352,3228,WOODEN BASKET 18X12,,ANITA VIKTOR WOODEN TOCRY,200.00,550.00,3,600.00,,  
353,3230,OVEL HANDED SET 12/8,,ANITA VIKTOR WOODEN TOCRY,135.00,350.00,1,135.00,,  
354,3231,OVEL HANDED SET 12/8,,ANITA VIKTOR WOODEN TOCRY,135.00,450.00,1,135.00,,  
355,3234,BOAT SHAP 12/8,,ANITA VIKTOR WOODEN TOCRY,150.00,450.00,1,150.00,,  
356,3235,HEART SHAP,,ANITA VIKTOR WOODEN TOCRY,140.00,250.00,2,280.00,,  
357,3236,HEART SHAP,,ANITA VIKTOR WOODEN TOCRY,200.00,350.00,2,400.00,,  
358,3237,HEART SHAP,,ANITA VIKTOR WOODEN TOCRY,200.00,450.00,2,400.00,,  
359,3238,OVEL HANDED SET 13/9 KD,,ANITA VIKTOR WOODEN TOCRY,190.00,400.00,2,380.00,,  
360,3239,OVEL HANDED SET 15/9,,ANITA VIKTOR WOODEN TOCRY,140.00,400.00,2,280.00,,  
361,3240,OVEL HANDED SET 18/2,,ANITA VIKTOR WOODEN TOCRY,260.00,600.00,2,520.00,,  
362,3241,101 BOX  8/8,,chheda super market,42.00,75.00,30,1308.89,,  
363,3242,111 BOX 8/12,,chheda super market,88.00,160.00,2,176.00,,  
364,3243,111 RED BOX 8/12,,chheda super market,88.00,160.00,1,88.00,,  
365,3244,111 BLUE BOX 11/11,,chheda super market,88.00,160.00,16,1462.64,,  
366,3245,111 CREAM BOX 11/11,,chheda super market,88.00,160.00,28,2559.62,,  
367,3246,115 BOX 10/15,,chheda super market,115.00,210.00,3,345.00,,  
368,3247,121 BOX 11/11,,chheda super market,88.00,160.00,33,3016.69,,  
369,3249,121 BOX 8/12,,chheda super market,88.00,160.00,3,264.00,,  
370,3250,141 BOX 11/11,,chheda super market,88.00,160.00,23,2102.54,,  
371,3252,144 BOX 10/15,,chheda super market,105.00,190.00,3,315.00,,  
372,3253,144 BOX 8/12,,chheda super market,79.00,145.00,30,2461.97,,  
373,3254,150 BOX 12/12,,chheda super market,100.00,180.00,2,200.00,,  
374,3255,184 BOX 10/15,,chheda super market,105.00,190.00,3,315.00,,  
375,3256,195 BOX 10/10,,chheda super market,79.00,145.00,2,158.00,,  
376,3258,175 BOX 10/10,,chheda super market,88.00,160.00,12,1056.00,,  
377,3260,190 BOX 11/11,,chheda super market,88.00,160.00,3,264.00,,  
378,3261,190 BOX 12/12,,chheda super market,110.00,195.00,2,220.00,,  
379,3262,190 BOX 8/12,,chheda super market,88.00,160.00,2,176.00,,  
380,3263,184 J BOX 12/18,,chheda super market,149.00,270.00,1,149.00,,  
381,3264,251 BOX 12/12,,chheda super market,319.00,575.00,1,319.00,,  
382,3265,217 BOX 10/10,,chheda super market,279.00,495.00,1,279.00,,  
383,3267,217 BOX 8/12,,chheda super market,279.00,495.00,2,558.00,,  
384,3268,220 BOX 10/10,,chheda super market,219.00,395.00,2,438.00,,  
385,3269,220 BOX 12/2,,chheda super market,279.00,495.00,2,558.00,,  
386,3271,PAPER BOAT CHILLI GUAVA 180ML,,AYU INVESTMENTS,14.88,20.00,9,128.58,2202,8906080600890
387,3273,PAPER BOAT MATTHA 200ML,,V.P.ENTERPRISE LLP(FACG),16.66,20.00,1,15.99,0403,8906080600654
388,3274,PAPER BOAT AAMRAS 1LTR,,V.P.ENTERPRISE LLP(FACG),73.66,99.00,3,203.29,2202,8906080600234
389,3275,PAPER BOAT APPLE 1LTR,,V.P.ENTERPRISE LLP(FACG),73.66,99.00,1,67.76,2202,8906080600630
390,3277,220 BOX 7/10,,chheda super market,179.00,299.00,12,2231.35,,  
391,3278,226 BOX 2/1,,chheda super market,179.00,299.00,2,358.00,,  
392,3279,226 BOX 3/1,,chheda super market,249.00,420.00,1,249.00,,  
393,3280,226 BOX 4/1,,chheda super market,279.00,469.00,2,558.00,,  
394,3281,230 12/12,,chheda super market,259.00,435.00,2,518.00,,  
395,3282,230 BOX 12/18,,chheda super market,349.00,585.00,2,698.00,,  
396,3283,230 BOX 7/10,,chheda super market,141.00,237.00,2,282.00,,  
397,3284,230 BOX 8/8,,chheda super market,141.00,237.00,2,282.00,,  
398,3287,234 GREEN BOX 10/15,,chheda super market,279.00,469.00,2,558.00,,  
399,3299,861 RECTANGLE BOX BIG,,chheda super market,449.00,795.00,1,449.00,,  
400,3300,TRAY BROWN BOX 8/8,,chheda super market,15.00,25.00,2,30.00,,  
401,3301,901 SMALL BOX,,chheda super market,200.00,349.00,2,400.00,,  
402,3302,DFB 137 BOX 8/18,,chheda super market,375.00,675.00,1,375.00,,  
403,3303,DF 109 BOX 8/12,,chheda super market,259.00,465.00,2,518.00,,  
404,3304,DFB 146 BOX 10/15,,chheda super market,349.00,625.00,1,349.00,,  
405,3306,745 ROUND BOX 3/1,,chheda super market,330.00,700.00,1,330.00,,  
406,3307,DFB166 BOX 10/10,,chheda super market,299.00,535.00,3,897.00,,  
407,3308,DFB205 GOLD BOX 10/10,,chheda super market,470.00,789.00,1,470.00,,  
408,3309,DFB217 GOLD BOX 10/15,,chheda super market,570.00,957.00,1,570.00,,  
409,3310,DFB229 BOX 1,,chheda super market,390.00,698.00,3,1170.00,,  
410,3311,DTF126 BOX 8/11,,chheda super market,120.00,216.00,3,360.00,,  
411,3312,HM10 BOX 10/10,,chheda super market,120.00,216.00,3,360.00,,  
412,3313,HM17 BOX 8/12,,chheda super market,120.00,216.00,3,360.00,,  
413,3314,HM18 BOX 8/12,,chheda super market,120.00,216.00,3,360.00,,  
414,3315,HM8 BOX 10/10,,chheda super market,120.00,216.00,3,360.00,,  
415,3316,M11 BOX 500G 4LINE,,chheda super market,29.00,55.00,5,145.00,,  
416,3317,M12 BOX 500G 4LINE,,chheda super market,48.00,85.00,98,4886.54,,  
417,3318,M12 BOX 1KG 4LINE,,chheda super market,68.00,125.00,102,7205.16,,  
418,3319,M13 BOX 1KG 4LINE,,chheda super market,68.00,125.00,71,5015.35,,  
419,3320,M51 BOX 1KG 4LINE,,chheda super market,63.00,112.00,5,315.00,,  
420,3321,M52 BOX 1KG 4LINE,,chheda super market,63.00,112.00,5,315.00,,  
421,3322,M54 BOX 1KG 4LINE,,chheda super market,68.00,125.00,5,340.00,,  
422,3323,M60 BOX 1KG 4LINE,,chheda super market,63.00,112.00,5,315.00,,  
423,3324,M66 BOX 1KG,,chheda super market,78.00,140.00,38,3079.02,,  
424,3325,M67 BOX 1KG,,chheda super market,78.00,140.00,3,234.00,,  
425,3327,N91 BOX 8/8,,chheda super market,42.00,75.00,53,2312.38,,  
426,3328,N92 BOX 10/10,,chheda super market,80.00,135.00,3,240.00,,  
427,3329,N92 BOX 8/8,,chheda super market,42.00,75.00,3,126.00,,  
428,3330,N94 BOX 8/8,,chheda super market,42.00,75.00,53,2312.38,,  
429,3331,N95 BOX 8/8,,chheda super market,42.00,75.00,33,1439.78,,  
430,3332,0341(B) BOX BIG,,chheda super market,267.00,480.00,2,534.00,,  
431,3333,0351 BOX BIG,,chheda super market,284.00,510.00,1,284.00,,  
432,3334,METAL TRAY BOX1,,chheda super market,45.00,80.00,29,1305.00,,  
433,3340,LONG CHIPS SEA SALT VINEGAR,,RAJKALA INDUSTRIES PVT,62.92,99.00,5,314.63,19053290,4750127300717
434,3341,LONG CHIPS WASABI,,RAJKALA INDUSTRIES PVT,62.92,99.00,4,251.70,,4750127300700
435,3342,NUT MIX SPL Kgs,,APMC,654.32,1100.00,3,1962.96,,  
436,3345,NESCAFE CLASSIC 200G,,A ONE SANDEEP,320.00,499.00,2,640.08,,7891000071823
437,3349,RANI GUAVA 180ML,,MAHAVIR,23.33,30.00,10,233.31,,6281034906337
438,3350,ARABIAN GARDAN MANGO WITH SEED,,MAHAVIR,45.83,75.00,2,91.67,,8936020052885
439,3353,wooDEN BASKET OVEL 11/7,,ANITA VIKTOR WOODEN TOCRY,85.00,150.00,5,425.00,,  
440,3354,BUTTER COOKIES,,K K FOODS,100.85,170.00,9,907.66,,8908003472409
441,3357,CHOCOCHIPS COOKIES,,K K FOODS,106.78,180.00,4,427.00,,8908003472416
442,3359,NAANKHATAI,,K K FOODS,83.05,140.00,2,166.10,,8908003472447
443,3360,WHOLEWHEAT NAANKHATAI,,K K FOODS,83.05,140.00,1,83.05,,8908003472478
444,3361,ALMOND FINGERS,,K K FOODS,103.81,175.00,2,207.56,,8908003472386
445,3362,OATS N COCONUT COOKIES,,K K FOODS,100.85,170.00,3,302.55,,8908003472454
446,3363,DATES N CASHEW COOKIES,,K K FOODS,100.85,170.00,1,100.85,19053100,8908003472423
447,3367,PUFFMSTER MASKA KHARI,,K K FOODS,32.63,55.00,1,32.62,19053100,8908003472003
448,3370,PEPPERMINT COBALT,,MAHAVIR,100.00,180.00,3,300.01,,022000005120
449,3371,AFTER EIGHT MINT CHOCOLATE,,jublee,285.00,500.00,3,855.05,,7613034944849
450,3372,LINDHT SWISS PREMIUM CHOCOLATE 350G,,MAHAVIR,900.00,1400.00,2,1800.04,,7610400078559
451,3374,FIGARO STFD G OLIVES 270GM,,A ONE SANDEEP,110.00,159.00,12,1320.20,,8410159047368
452,3375,GIGARO STUFFED OLIVES 270G,,A ONE SANDEEP,110.00,159.00,6,660.10,,8410159044336
453,3376,MILK FLAVOUR CHEWS,,A ONE SANDEEP,28.00,50.00,26,728.04,,87108781
454,3377,FRUIT TALLA STRAWBERY,,A ONE SANDEEP,27.00,50.00,19,513.02,,87108408
455,3378,FRUIT TELLA BLACKCURRENT,,jublee,27.50,50.00,3,82.50,,87108422
456,3379,FRUIT TELLA ORANGE,,A ONE SANDEEP,27.00,50.00,17,459.02,,87108415
457,3392,TWISST IRISH CREAM,,RAJKALA INDUSTRIES PVT,120.54,195.00,1,120.54,,9004380002402
458,3393,TWISST PINA COLADA,,RAJKALA INDUSTRIES PVT,120.54,195.00,2,241.07,,9004380002204
459,3396,PUFFMASTER SUJI TOAST,,K K FOODS,29.33,44.00,1,29.32,,8908003472041
460,3397,PUFFMASTER PREMIUM TOAST,,K K FOODS,29.33,44.00,1,29.32,,8908003472058
461,3408,16/18 HAEXAGOW,,SHALIBHADRA,550.00,900.00,1,495.00,,  
462,3419,B34,,NIMESH SHAH,265.00,400.00,15,3975.00,,  
463,3420,B08,,NIMESH SHAH,395.00,600.00,10,3950.00,,  
464,3421,B47,,NIMESH SHAH,285.00,440.00,12,3420.00,,  
465,3422,B11,,NIMESH SHAH,440.00,660.00,4,1760.00,,  
466,3423,BEANIES COFFEE AMARETTO ALMOND 50G,,RAJKALA INDUSTRIES PVT,314.62,495.00,1,314.59,21011110,5060169982109
467,3424,BEANIES COFFEE NUTTY HAZELNUT 50G,,RAJKALA INDUSTRIES PVT,290.04,495.00,1,290.06,,5060169982024
468,3425,BEANIES COFFEE VERY VANILLA 50G,,RAJKALA INDUSTRIES PVT,290.04,495.00,1,290.06,,5060169982017
469,3426,BEANIES COFFEE DOUBLE CHOCOLATE 50G,,RAJKALA INDUSTRIES PVT,290.04,495.00,1,290.06,,5060169982031
470,3427,BEANIES COFFEE MINT CHOCOLATE 50G,,RAJKALA INDUSTRIES PVT,314.62,495.00,1,314.59,,5060169982185
471,3431,JAMIE OLIVER RED PESTO,,RAJKALA INDUSTRIES PVT,301.34,450.00,1,301.36,,5060170800102
472,3432,JAMIE OLIVER CHILLI&GARLIC PESTO,,RAJKALA INDUSTRIES PVT,301.34,450.00,1,301.36,,5060170800089
473,3433,JAMIE OLIVER ITALIAN HERB PESTO,,RAJKALA INDUSTRIES PVT,301.34,450.00,2,602.72,,5060170800058
474,3435,KIT KAT DOUBLE CHOCOLATE,,local purchase,123.33,160.00,1,123.33,,6294003571030
475,3436,136 BOX 12/12,,chheda super market,110.00,180.00,5,550.00,,  
476,3438,pvc round bowel 6'',,local purchase,45.00,90.00,53,2385.00,,  
477,3444,TROPICANA CRANBERRY DELIGHT,,PIONEER SALES CORPORATION,86.93,110.00,2,151.13,,8902080013845
478,3448,booBOO COCOA PISMANIYA DELIGHT,,U K SALES,127.12,200.00,3,371.19,18069020,8906090980081
479,3451,PRINGLES BBQ 165G,,A ONE SANDEEP,108.00,170.00,2,216.00,,038000138546
480,3452,PEPSI 330ML,,MAHAVIR,41.66,75.00,27,1124.84,,9556404001033
481,3454,MONSTER ENERGY JUICED,,A ONE SANDEEP,104.16,180.00,1,104.17,,5060166699994
482,3455,MONSTER ENERGY KHAOS,,A ONE SANDEEP,104.16,180.00,5,520.83,,5060166697624
483,3456,ANNELEEN PURPLE COCTAIL,,A ONE SANDEEP,130.00,250.00,2,260.01,,5414145067647
484,3457,ANNELEEN BLU COCKTAIL,,A ONE SANDEEP,130.00,250.00,3,390.02,,5414145066886
485,3458,ANNELEEN PINKCOCKTAIL,,A ONE SANDEEP,130.00,250.00,2,260.01,,5414145067630
486,3459,PRINGLES CHEESY CHEESE 165G,,jublee,107.00,170.00,2,214.01,,038000138577
487,3462,PURE HEAVEN GRAPE WITH PEACH,,A ONE SANDEEP,150.00,299.00,5,750.00,,5032619311746
488,3463,WALL NUT KASHMEER 1,,QUARK FUTURE INNOVATION PVT LTD,500.00,1500.00,123,61703.00,,  
489,3464,WALL NUT KASHMEER 2,,QUARK FUTURE INNOVATION PVT LTD,700.00,1100.00,44,31070.20,,  
490,3472,FERRERO ROCHER 5,,A ONE SANDEEP,125.00,140.00,6,750.04,,8000500126936
491,3473,BLACK KISMISS WITH SEED,,APMC,280.00,650.00,3,844.63,,  
492,3479,GODIVA MILK CHOCOLATE 90G,,jublee,330.00,500.00,1,330.00,,5000168199221
493,3481,LIND SWISS CLASSIC 100G,,jublee,250.00,350.00,1,250.00,,7610400010368
494,3482,Lindit Swiss Classic,,local purchase,250.00,350.00,1,250.01,,7610400070195
495,3490,VINTAGE LUXURY ASSORTMENT,,MAHAVIR,220.00,350.00,1,220.02,,9557940205169
496,3493,ALMARAI  CREAM CHEES,,jublee,190.00,350.00,4,760.04,,6281007043359
497,3495,GALAXY FRUIT&NUT 36G,,prathamesh enterprise,30.00,40.00,45,1215.01,,6221134005660
498,3499,TROPICANA MIXED FRUIT 1000ml,,PIONEER SALES CORPORATION,94.66,120.00,1,88.36,,8902080013500
499,3501,TROPICANA POMEGRANATE DELIAGHT 1000ml,,PIONEER SALES CORPORATION,86.78,110.00,1,81.00,,8902080013869
500,3502,TROPICANA APPLE 1000ml,,PIONEER SALES CORPORATION,94.67,120.00,1,88.36,,8902080013036
501,3503,TROPICANA MIX FRUIT,,PIONEER SALES CORPORATION,26.32,30.00,13,270.26,,8902080011575
502,3504,TROPICANA PINEAPPLE DELIGHT 200G,,PIONEER SALES CORPORATION,16.04,20.00,2,23.76,,8902080011520
503,3508,CAPTAIN MALLOWS FRUIT TASTE OF REAL,,jublee,18.75,30.00,18,337.50,,6925448112167
504,3512,TWININGS GREEN TEA LEMON&HONEY,,A ONE SANDEEP,200.00,325.00,1,200.00,,070177173746
505,3513,TWININGS GREEN TEA & MINT,,A ONE SANDEEP,200.00,325.00,3,600.00,,070177173319
506,3515,TWINIGS GREEN TEA JASMINE,,A ONE SANDEEP,210.00,325.00,2,420.00,,070177173166
507,3516,TWININGS GREEN EARL GREY TEA,,A ONE SANDEEP,200.00,325.00,3,600.00,,070177173173
508,3518,ROSTAA PEANUT BUTTER SMOOTH,,A ONE SANDEEP,90.00,180.00,5,450.02,,610708494560
509,3519,ROSTAA PEANUT BUTTER CRUNCHY,,A ONE SANDEEP,90.00,180.00,4,360.02,,610708494577
510,3520,NESCAFE GOLD BLEND 50G,,A ONE SANDEEP,190.00,320.00,2,380.02,,881055707119
511,3527,AL FERDAOUS FIG (FROM SYRIYA),,local purchase,1080.00,2100.00,0,4.32,,  
512,3539,CHOCHO CIGAR ROLL,,A ONE SANDEEP,4.16,10.00,7,29.12,,8992952925949
513,3540,CHOCHO CIGAR ROLL BOX,,MAHAVIR,100.00,160.00,3,300.04,,8992952925956
514,3541,CAPILANO NATURAL HONEY,,A ONE SANDEEP,300.00,450.00,1,300.01,,93006777001524
515,3542,NESCAFE GOLD BLEND DECAF 100G,,A ONE SANDEEP,460.00,600.00,2,920.03,,8801055707140
516,3545,TRIDENT MINT BLISS,,A ONE SANDEEP,55.00,120.00,2,110.01,,012546001939
517,3546,TRIDENT CINNAMON ARTIFICIALLY FLAVORED,,A ONE SANDEEP,65.00,120.00,1,65.00,,012546612678
518,3547,MAX PROTEIN GEERN COFFEE BEANS BAR,,prathamesh enterprise,79.45,125.00,22,1747.91,,8906009532516
519,3548,MAX PROTEIN BAR GREEN TEA ORANGE,,prathamesh enterprise,79.45,125.00,19,1509.56,,8906009532509
520,3549,JEMS CHOCOLATE,,m/s new royal,400.00,850.00,6,2382.40,,  
521,3550,KITKAT 41.5G,,MAHAVIR,16.66,75.00,55,916.32,,7613035509726
522,3551,PIZZA ALMOND,,m/s new royal,900.00,1500.00,7,6400.80,,  
523,3552,PAPER BOAT JAMUN KALA KHATTA180ML,,AYU INVESTMENTS,14.88,20.00,4,57.15,,8908001705394
524,3554,MILK CHOC COIN 168G,,jublee,125.00,200.00,2,250.00,,8850305320394
525,3556,ALOO BUKHARA,,m/s new royal,440.00,650.00,4,1600.72,,  
526,3557,KEKY VANILYA AROMALI KEK,,RAJKALA INDUSTRIES PVT,12.71,40.00,10,127.13,,8680979215593
527,3558,KEKY MOSAIC MARBLE CAKE WITH CHO SAUCE,,RAJKALA INDUSTRIES PVT,12.71,40.00,3,38.14,,8680979215609
528,3559,KEKY VOLCANIC CHERRY SAUCE CHOCOLATE CAKE,,RAJKALA INDUSTRIES PVT,12.71,40.00,4,50.85,,8680979215753
529,3560,KEKY VOLCANIC CAKE WITH CHOCOLATE SAUCE,,RAJKALA INDUSTRIES PVT,12.71,40.00,7,88.99,,8680979215616
530,3561,KEKY VOCANIC CAKE WITH VANILLA SAUCE,,RAJKALA INDUSTRIES PVT,12.71,40.00,4,50.85,,8680979215746
531,3575,NUT MIX WITH HONEY,,SHABEER SIR,395.00,650.00,1,395.00,,  
532,3578,ALLEGRO EXTRA VIRGIN 500ml,,RAJKALA INDUSTRIES PVT,400.00,600.00,1,399.92,,6194017200301
533,3579,ALLEGRO EXTRA VIRGIN 1000ml,,RAJKALA INDUSTRIES PVT,766.67,1150.00,1,766.52,,6194017200325
534,3580,ALLEGRO EXTRA LIGHT OLIVE OIL 1000ml,,RAJKALA INDUSTRIES PVT,628.57,1100.00,1,628.44,,6194017200578
535,3581,TAKE A BITE ASSORTED BISCUITS,,SALEEM BAI,155.00,250.00,4,620.00,,9555039903835
536,3582,GIFT PACK,,local purchase,25.00,50.00,32,800.00,,  
537,3584,NUT MIX BRKN Kgs,,APMC,515.94,1000.00,4,1857.38,,  
538,3586,TOBLERONE 50G,,local purchase,43.75,80.00,49,2143.87,,76145513
539,3587,CADBURY DAIRY MILK FRUIT & NUT 37G,,A ONE SANDEEP,45.00,70.00,10,450.02,,7622210432193
540,3588,CADBURY DAIRY MILK CHOCOLATE 37G,,A ONE SANDEEP,45.00,70.00,10,450.02,,7622210292742
541,3589,TIM TAM CHOCOLATE,,jublee,100.00,140.00,1,100.00,,8886015428136
542,3598,ARABIAN GARDAN GRAPE JUICE,,A ONE SANDEEP,39.58,75.00,3,118.75,,8936020052915
543,3603,RICOLA HERBAL SWEET BRACING GLACIER PEPPERMINT,,local purchase,110.00,160.00,1,110.00,,7610700922491
544,3604,RICOLA HERBAL SWEET LEMON MINT,,local purchase,110.00,160.00,2,220.00,,7610700612507
545,3606,RICOLA HERBAL SWEET LUSCIOUS APPLE MINT,,local purchase,110.00,160.00,3,330.00,,7610700922453
546,3607,RICOLA HERBAL SWEET SCRUMPTIOUS ORANGE MINT,,local purchase,110.00,160.00,4,440.00,,7610700901090
547,3608,RICOLA HERBAL SWEET DELICIOUS ELDERFLOWER,,local purchase,110.00,160.00,4,440.00,,7610700612859
548,3611,SNICKERS CRISPER 40g,,local purchase,49.44,75.00,3,148.33,,040000530824
549,3615,GIFT PACK,,local purchase,20.00,50.00,27,540.00,,  
550,3616,GIFT PACK,,local purchase,3.50,10.00,12,42.00,,  
551,3619,SWET COLA DROPS,,MAHAVIR,180.00,225.00,1,180.00,,4037719068195
552,3622,PRINGLES SOUR CREAM & ONION 69P,,A ONE SANDEEP,50.00,80.00,1,50.00,,5053990137800
553,3623,PRINGLES ORIGINAL 69P,,A ONE SANDEEP,50.00,80.00,6,300.00,,5053990137787
554,3624,PRINGLES HOT AND SPICY 69P,,jublee,50.00,80.00,3,150.00,,5053990140220
555,3625,PRINGLES SALT VINEGAR 69P,,A ONE SANDEEP,50.00,80.00,7,350.00,,5053990137794
556,3626,SAMUDERA TAKE ABITE ASSORTED BISCUITS,,MAHAVIR,230.00,395.00,7,1610.05,,9555039903477
557,3627,AMERICAN GARDEN PANCAKE SYRUP MAPLE,,A ONE SANDEEP,240.00,400.00,2,480.03,,017273501592
558,3632,BEANIES COFFEE CREAMY CARAMEL 50G,,RAJKALA INDUSTRIES PVT,314.62,495.00,1,314.59,,5060169982062
559,3633,TOMMY FRUITY JELLY BEANS,,local purchase,12.08,25.00,8,96.64,,8852047237114
560,3634,GIFT PACK,,ajfan,136.14,2630.00,4,544.56,,  
561,3635,GIFT PACK,,ajfan,1200.00,2200.00,4,4800.00,,  
562,3641,HOME MADE TASTY GARLIC PICKLE,,JAI SHRI KRISHNA,80.00,130.00,1,80.00,,  
563,3644,AMERICAN GREEN HONEY 500G,,A ONE SANDEEP,215.00,350.00,6,1290.06,,003004575833
564,3645,COJO COJO APPLE JUICE,,ajfan,34.38,55.00,5,186.38,,8936121118015
565,3646,COJO COJO MELON JUICE,,ajfan,34.38,55.00,3,111.83,,8936121118039
566,3648,COJO COJO PINEAPPLE JUICE,,ajfan,34.38,55.00,2,74.55,,8936121118022
567,3650,COJO COJO GUAVA JUICE,,ajfan,34.38,55.00,3,111.83,,8936121118046
568,3651,ALMARAI CHEES SLICES SANDWICH,,local purchase,280.00,380.00,3,840.00,,6281007169202
569,3658,LA BRITISH PREMIUM BUTTER COOKIES,,ajfan,135.00,245.00,5,731.84,,8906064281275
570,3659,LA BRITISH PREMIUM BUTTER COOKIES 400G,,ajfan,135.00,295.00,1,146.37,,8906064281169
571,3666,TAYAS CASH CARAMEL,,local purchase,7.91,15.00,21,166.12,,8690997010834
572,3673,CADBERY BOURNVILLE CLASSIC DARK CHOCO,,local purchase,200.00,350.00,1,200.00,,7622210249661
573,3674,QUINOA PUFFS PEPPY CHEESE,,JETHALAL MEGHJI TRADING CO,57.14,80.00,15,750.02,,  
574,3675,6 GRAIN STIX CHEESY JALAPENO,,JETHALAL MEGHJI TRADING CO,25.00,35.00,1,21.88,,8908006634460
575,3677,6 GRAIN STIX TANGY PICKLE,,JETHALAL MEGHJI TRADING CO,25.00,35.00,4,87.51,,8908006634613
576,3680,TRENTS ECLAIRS PLUS,,anandi bai,202.00,299.00,9,1818.00,,9501034837705
577,3684,BOOBOO MINT PISMANIYA DELIGHT,,U K SALES,127.12,200.00,2,247.71,,8906090980159
578,3685,BOOBOO STRAWBERRY PISMANIYA DELIGHT,,U K SALES,127.12,200.00,3,371.11,,8906090980098
579,3686,BOOBOO PISTACHIO PISMANIYA DELIGHT,,U K SALES,127.12,200.00,3,371.11,,8906090980142
580,3687,KEKY VOLCANIC ORANGE SAUCE CHOCOLATE CAKE,,RAJKALA INDUSTRIES PVT,12.71,40.00,7,88.99,,8680979215760
581,3688,SKIN CASHEW,,PRATAPSINH &CO,756.00,1150.00,3,2304.98,08013220,  
582,3689,JUICY JELLY STRAWBERRY 250ML,,ajfan,22.32,35.00,6,145.20,,8859032706914
583,3690,ICE BREAKERS RASPBERRY,,A ONE SANDEEP,90.00,190.00,4,360.02,,346660
584,3692,KRAFT LIGHT 10 SLICES,,local purchase,220.00,350.00,1,220.01,,7622210720153
585,3694,SNICKERS  15% FREE,,prathamesh enterprise,15.00,20.00,91,1228.45,,8906002485796
586,3695,TNI KING COFFEE 3IN1,,S.R. ENTERPRISE,444.92,700.00,2,890.05,,8935259090095
587,3696,TNI  KING COFFEE ESPRESSO,,HINDUSTAN MARKETING,425.85,670.00,2,794.92,,8935259090200
588,3697,G7 CAPPUCCINO MOCHA,,S.R. ENTERPRISE,228.82,360.00,2,457.75,,8935024141854
589,3698,G7 CAPPUCCINO HAZELNUT,,HINDUSTAN MARKETING,228.82,360.00,2,427.12,,8935024141847
590,3701,LOACKER MILK CHOCOLATE 50G,,jublee,90.00,169.00,1,90.00,,80001072
591,3704,RAINBOW ORIGINAL MILK,,A ONE SANDEEP,65.00,99.00,2,130.00,,8716200672580
592,3706,TWININGS PINEAPPLE & GRAPEFRUIT TEA,,A ONE SANDEEP,200.00,325.00,1,200.00,,070177173753
593,3709,TWININGSPURE PEPPERMINT INFUSION,,A ONE SANDEEP,200.00,325.00,1,200.00,,070177083595
594,3710,VIP CHOCO WAFER,,A ONE SANDEEP,8.95,20.00,35,313.30,,8691707095318
595,3711,FERRERO  ROCHER  T 8,,A ONE SANDEEP,180.00,299.00,7,1259.99,,8000500278727
596,3713,TROPICANA MOSAMBI DELIGHT 1000ML,,PIONEER SALES CORPORATION,86.77,110.00,1,80.99,,8902080013012
597,3716,LINDT LINDOR LAIT 150G,,local purchase,370.00,550.00,3,1110.00,,3046920042963
598,3718,KINDER CHOCOLATE MAXI,,jublee,36.66,50.00,3,109.99,,40084077
599,3721,GODIVA BELGIUM 1926 SALTED CARAMEL,,jublee,330.00,500.00,1,330.00,,5000168199245
600,3722,CADBURY FUDGE MINIS,,jublee,220.00,320.00,1,220.00,,7622210654816
601,3723,CADBURY CRUNCHIE ROCKS,,jublee,220.00,320.00,1,220.00,,7622210285485
602,3727,MAY GOLD RED GRAPE JUICE,,MAHAVIR,150.00,260.00,3,450.00,,8413481040021
603,3728,MAY GOLD POMEGRANATE JUICE,,MAHAVIR,150.00,260.00,2,300.00,,8413481040205
604,3729,MAY GOLD STRAWBERRY JUICE,,MAHAVIR,150.00,260.00,3,450.00,,8413481040335
605,3730,MAY GOLD LICHEE JUICE,,MAHAVIR,150.00,260.00,1,150.00,,8413481040212
606,3731,NESTLE COFFEE MATE ORIGINAL 400G,,A ONE SANDEEP,150.00,350.00,2,300.01,,8850124011053
607,3737,LOACKER  CAPPUCCINO125G,,jublee,220.00,299.00,3,660.01,,8000380140565
608,3742,CLASSIC HONEY 500G,,SALEEM BAI,200.00,400.00,8,1600.00,,6419950084031
609,3743,CLASSIC HONEY 400G,,SALEEM BAI,180.00,350.00,7,1260.00,,6419950099820
610,3744,OAT MATE CURRANT & CHOCOLATE CHIPS COOKIES,,SALEEM BAI,75.00,125.00,3,225.00,,9556995240019
611,3745,OAT MATE CURRANT COOKIES,,SALEEM BAI,75.00,125.00,6,450.00,,9556995240026
612,3746,OAT MATE CHOCOLATE CHIPS COOKIES,,SALEEM BAI,75.00,125.00,6,450.00,,9556995240002
613,3753,NESTLE AREO DELIGHTFUL PEPPERMINT,,jublee,200.00,350.00,1,200.00,,7613034572516
614,3756,CHO CHO COOKIES & CREAM 500G,,jublee,190.00,300.00,1,190.00,,8992952953577
615,3757,TANG STRAWBERRY 175G,,MAHAVIR,130.00,180.00,2,260.01,,7622300411282
616,3758,TANG GRAPE 175G,,MAHAVIR,130.00,180.00,5,650.02,,4808647310164
617,3759,SPRITE 320ML,,MAHAVIR,50.00,75.00,6,300.01,,9555589200668
618,3760,PRINGLES HONEY MUSTERD 158G,,A ONE SANDEEP,105.00,170.00,1,105.00,,038000138850
619,3762,CHIKO ECLAIRS HAZELNUT 400G,,anandi bai,115.00,170.00,1,115.00,,9501034777353
620,3763,CHIKO ECLAIRS MILK 400G,,anandi bai,115.00,170.00,3,345.00,,9501034773553
621,3765,QUINOA PUFFS PEPPY CHEESE,,JETHALAL MEGHJI TRADING CO,57.14,80.00,6,300.00,,  
622,3768,RICOLA HERBAL SWEET ALPINE SAGE,,local purchase,110.00,160.00,1,110.00,,7610700922538
623,3769,TRIDENT BUBBLEGUM WATERMELON,,A ONE SANDEEP,55.00,120.00,1,55.00,,012546615952
624,3772,FIGARO BLACK OLIVE,,A ONE SANDEEP,110.00,179.00,5,550.03,,8410159048976
625,3773,POP PAN SPRING ONION & CHIVE CRACKERS,,MAHAVIR,190.00,280.00,4,760.01,,089782010681
626,3775,AL BARAKAH DATES SYRUP 400G,,local purchase,240.00,350.00,2,480.00,,  
627,3776,BEE HONEY GINGER,,M/S LivRite Foods LLP,233.33,350.00,2,466.68,,8908006921195
628,3777,BEE HONEY  CINNAMON,,M/S LivRite Foods LLP,233.33,350.00,4,933.36,,8908006921164
629,3778,BEE HONEY  CARDAMOM,,M/S LivRite Foods LLP,233.33,350.00,5,1166.75,,8908006921171
630,3779,BEE HONEY WITH CLOVE,,M/S LivRite Foods LLP,233.33,350.00,7,1633.45,,8908006921188
631,3788,FIN CARRE STRAWBERRY CRISP CHOCOLATE,,jublee,350.00,500.00,1,350.00,,20146900
632,3792,NATURAL FIGS 400G,,APMC,136.00,210.00,20,2720.12,,  
633,3793,PRINGLES SOUR CREAM&ONION 40G,,jublee,50.00,80.00,1,50.00,,038000845529
634,3800,BEE HONEY  CARDAMOM 30G,,M/S LivRite Foods LLP,33.33,50.00,4,133.33,,8908006921126
635,3801,BEE HONEY CINNAMON 30G,,M/S LivRite Foods LLP,33.33,50.00,1,33.33,,8908006921157
636,3802,BEE HONEY CLOVE 30G,,M/S LivRite Foods LLP,33.33,50.00,3,100.00,,8908006921133
637,3804,KITKAT 2 FINGER 20.7G,,jublee,16.11,30.00,16,257.77,,50189205
638,3806,MACANA ALL MIX,,m/s new royal,110.00,150.00,13,1430.00,,  
639,3807,TRY 12MM,,local purchase,100.00,200.00,10,1000.00,,  
640,3808,pvc round bowel 6'',,local purchase,20.00,50.00,89,1780.00,,  
641,3809,pvc round bowel 6'',,local purchase,60.00,120.00,9,540.00,,  
642,3816,KOPIKO CAPPUCCINO CANDY 150g,,A ONE SANDEEP,60.00,90.00,1,60.00,,8996001320136
643,3817,SNICKERS FREE RS.20 PAYTM,,prathamesh enterprise,26.25,35.00,34,803.29,1806,8906002482450
644,3820,HERSHEY KISSES MILK CHO 43g,,jublee,95.00,150.00,4,380.00,,341210
645,3822,MENTOS ICE BLAST,,jublee,105.00,140.00,1,105.00,,8935001707363
646,3826,CHIKO ROYALE MIX 400g,,anandi bai,155.00,260.00,8,1240.00,,9501034603522
647,3827,KITKAT DARK 4,,MAHAVIR,16.66,100.00,2,33.32,,7613035510104
648,3828,PAAWAK JAGGERY POWDER,,JAY ENTERPRISE,65.00,100.00,1,65.00,,8906053810776
649,3829,PAAWAK JAGGERY,,JAY ENTERPRISE,65.00,100.00,8,520.00,,8906053810264
650,3830,SNICKERS CARAMEL INTENSE,,prathamesh enterprise,37.50,50.00,200,6749.70,,8906002485765
651,3834,SNICKERS  PACKET 150GM,,prathamesh enterprise,68.45,99.00,9,554.48,18069010,8906002482054
652,3836,OREO DARK AND WHITE CHOCOLATE,,MAHAVIR,50.00,90.00,6,300.01,,7622210708434
653,3838,COCA COLA ZERO SUGAR,,MAHAVIR,50.00,75.00,24,1200.01,,8888002087005
654,3839,SPEARMINT RAIN,,MAHAVIR,100.00,180.00,2,200.01,,022000005144
655,3840,WINTERMINT ASCENT,,MAHAVIR,100.00,180.00,3,300.01,,022000015532
656,3841,PRINGLES BBQ 40g,,A ONE SANDEEP,50.00,80.00,1,50.00,,5053990107278
657,3847,PRINGLES SOUR CREAM 40G,,A ONE SANDEEP,50.00,80.00,1,50.00,,5053990107384
658,3848,PRINGLES ORIGINAL 40G,,A ONE SANDEEP,50.00,80.00,1,50.00,,5053990107339
659,3849,PAPER B COCONUT WATER 200ml,,AYU INVESTMENTS,29.76,40.00,18,514.28,,8906080601248
660,3850,GALAXY FLUITES22.5,,ajfan,25.00,60.00,93,2325.00,,6221134000108
661,3851,GIFT PACK,,FAREED BHAI TOKRIWALA,35.00,50.00,43,1505.00,,  
662,3853,KING COFFEE GOURMET BLEND GROUND COFFEE,,S.R. ENTERPRISE,964.29,1350.00,1,964.52,,8935259000018
663,3854,SNICKERS HOME PACK 115g,,prathamesh enterprise,56.25,75.00,14,708.72,,8906002488018
664,3858,NESCAFE GOLD EDEL & AROMATISCH 200g,,A ONE SANDEEP,560.00,700.00,1,560.09,,4005500210900
665,3859,CHIKO ROYALE CARAMELS 500g,,ajfan,220.00,450.00,6,1320.00,,9501034608008
666,3860,CHIKO ROYALE CARDAMOM CARAMELS 350g,,ajfan,200.00,350.00,6,1200.00,,9501034609500
667,3862,MAGIC MINT JELLY 100g,,balaji international,30.00,50.00,33,990.00,,  
668,3863,WALL NUT KASHMEER 3,,QUARK FUTURE INNOVATION PVT LTD,900.00,1800.00,39,34875.00,,  
669,3864,BISLERI 1L,,AMAAN MARKETING,10.17,19.00,156,1586.46,,8906017290040
670,3868,JULES LE MOND PUFF SANDWICH MANGO CREAM,,MAHAVIR,145.00,200.00,12,1740.01,,9556121026104
671,3869,CRAZY SOURS SKITTLES,,jublee,43.05,70.00,32,1377.66,,5000159314985
672,3871,COOL GEL MENTOS CHERRY MINT,,jublee,90.00,130.00,1,90.00,,8990800019796
673,3872,COOL GEL MENTOS MINT,,jublee,90.00,130.00,1,90.00,,8990800019703
674,3875,MENTOS JUICE BLAST RED FRUIT LIME,,jublee,105.00,140.00,3,315.01,,80756613
675,3876,MENTOS JUICE BLAST WATERMELON,,jublee,105.00,140.00,1,105.00,,80756620
676,3877,ZESS WAFER ROLLS CHOCOLATE,,A J INTEX,170.00,250.00,10,1700.00,,9556023221904
677,3878,SAPPHIRE MAGIC STIX STRAWBERRY,,A J INTEX,94.00,125.00,6,564.00,,9556995130419
678,3879,JACKER WAFER CUBE TIRAMISU 100g,,A J INTEX,68.00,110.00,6,408.00,,9556023222512
679,3880,JACKER WAFER CUBE MILK 100g,,A J INTEX,68.00,110.00,10,680.00,,9556023564599
680,3881,JACKER WAFER CUBE HAZELNUT 100g,,A J INTEX,68.00,110.00,5,340.00,,9556023416645
681,3882,JACKER WAFER CUBE CHOCOLATE 100g,,A J INTEX,68.00,110.00,5,340.00,,9556023453480
682,3883,SAPPHIRE MAGIC STIX CHOCOLATE CREAM,,A J INTEX,94.00,125.00,8,752.00,,9556995130402
683,3884,SAPPHIRE MAGIC STIX HAZELNUT CREAM,,A J INTEX,94.00,125.00,7,658.00,,9556995130426
684,3885,PLANT POWER CHIKKI,,BABJI DISTRIBUTOR,69.64,120.00,34,2367.86,,8906090080002
685,3886,BERRY YOUNG CHIKKI,,BABJI DISTRIBUTOR,31.92,55.00,21,670.31,,8906090080026
686,3887,TOUGH NUT CHIKKI,,BABJI DISTRIBUTOR,37.72,65.00,17,641.29,,8906090080019
687,3888,PAPER BOAT THANDAI,,AYU INVESTMENTS,31.75,40.00,12,365.78,,8908001705745
688,3889,APPITAS OLIVE TWIST PITA CHIPS,,SHIV ENTERPRISE,28.57,40.00,3,85.72,,8908006108091
689,3890,APPITAS PITA CHIPS PARMESAN & HERBS,,SHIV ENTERPRISE,28.57,40.00,3,85.72,,8908006108046
690,3891,APPITAS PITA CHIPS PIRI PIRI,,SHIV ENTERPRISE,28.57,40.00,3,85.72,,8908006108114
691,3892,APPITAS PITA CHIPS MULTIGRAIN TANGY CHEES,,SHIV ENTERPRISE,28.57,40.00,3,85.72,,8908006108039
692,3893,APPITAS PITA CHIPS THAI SWEET CHILLY,,SHIV ENTERPRISE,28.57,40.00,3,85.72,,8908006108107
693,3894,SWEET CHILLI GARLIC SAUCE,,SHIV ENTERPRISE,57.45,99.00,2,114.91,,8906064651634
694,3895,BHUT SRIRACHA SAUCE,,SHIV ENTERPRISE,57.45,99.00,3,172.36,,8906064651559
695,3896,CHEESY KETCHUP,,SHIV ENTERPRISE,57.45,99.00,2,114.91,,8906064651504
696,3897,PERI PERI KETCHUP,,SHIV ENTERPRISE,57.45,99.00,1,57.45,,8906064651566
697,3898,GREEN  DAREDEVIL CHILLI SAUCE,,SHIV ENTERPRISE,57.44,99.00,3,172.33,,8906064651627
698,3899,ACHAARI SAUCE,,SHIV ENTERPRISE,57.45,99.00,3,172.36,,8906064651580
699,3900,SCHEZWAN CHILLI GARLIC SAUCE,,SHIV ENTERPRISE,57.45,99.00,2,114.91,,8906064651535
700,3901,CHINESE SECRET SAUCE,,SHIV ENTERPRISE,57.45,99.00,3,172.36,,8906064651542
701,3902,CHEESY JALAPENO SAUCE,,SHIV ENTERPRISE,57.45,99.00,1,57.45,,8906064651481
702,3903,CHEESY CHIPOTLE SAUCE,,SHIV ENTERPRISE,57.45,99.00,2,114.91,,8906064651511
703,3904,CHEESY SAUCE,,SHIV ENTERPRISE,57.45,99.00,3,172.36,,8906064651474
704,3905,TANDOORI SAUCE,,SHIV ENTERPRISE,57.45,99.00,3,172.36,,8906064651573
705,3906,RICOLA CRANBERRY,,local purchase,110.00,160.00,1,110.00,,7610700948347
706,3907,RICOLA ORIGINAL HERB,,local purchase,110.00,160.00,2,220.00,,7610700948439
707,3908,RICOLA MOUNTAIN MINT,,local purchase,110.00,160.00,3,330.00,,7610700948460
708,3909,BOOTS NO ADD SUGER MILK CHOCOLATE,,local purchase,270.00,400.00,2,540.00,,5000167082890
709,3910,BOOTS NO ADD SUGER MILK  WITH HAZELNUT,,local purchase,270.00,400.00,1,270.00,,5000167082913
710,3912,HERSHEY CANDY CANEWITH MINT 99g,,local purchase,140.00,220.00,1,140.00,,034000013821
711,3913,AMERIKAN COKTAIL,,local purchase,50.00,95.00,3,150.01,,8850534110407
712,3914,AMERICAN STYLE PEACH 300ML,,local purchase,50.00,95.00,3,150.01,,8859032701285
713,3915,AMERICAN PASSION FRUITS 300ML,,local purchase,50.00,95.00,3,150.01,,8850534110476
714,3916,AMERICAN PINEAPPLE 300 ML,,local purchase,50.00,95.00,3,150.01,,8859032701292
715,3917,RANI THREE JEWELS,,local purchase,23.33,30.00,23,536.62,,6281034015015
716,80016,NESTLE QUALITY STEET 240G,,local purchase,330.00,500.00,1,330.03,,50251100
717,80018,NESTLE QUALITY STREET-GB-480G,,local purchase,420.00,800.00,2,840.07,,5000189327290
718,80032,HARTLEYS STRAWBERRY JAM 340G,,RAJKALA INDUSTRIES PVT,184.15,275.00,1,184.12,20079990,50354061
719,80034,PURE HEAVEN,,Cash,185.00,299.00,2,370.00,,5032619311647
720,80053,STUTE BLACKCURENT 430G,,local purchase,180.00,350.00,1,180.01,,4006424022372
721,80056,AMERICAN STYLE LYCHEE 300ML,,local purchase,50.00,95.00,1,50.00,,8859032701315
722,80062,PRINGLES SOUR CREAM&ONION 40G,,jublee,50.00,70.00,3,150.00,,038000845529
723,80073,LINDT LINDOR MILK 200G,,local purchase,550.00,1000.00,3,1650.00,,8003340090535
724,80092,SAFFRON 1G,,APMC,160.00,390.00,21,3359.99,,8908002180282
725,80114,AMERICAN  STRAWBERRY,,Cash,0.00,95.00,2,0.00,,0005035
726,80115,KRAFT ORIGINAL MAYONNAISE 225G,,A ONE SANDEEP,180.00,290.00,1,180.00,,9555050300743
727,80117,LINDT CHO LAIT 100G,,Cash,0.00,400.00,1,0.00,,7610400084895
728,80120,TANG orange pauch 500gms,,A ONE SANDEEP,107.00,220.00,4,427.99,,7622300292430
729,80126,FIGARO SLCD B OLIVES 230GM,,A ONE SANDEEP,110.00,179.00,2,220.01,,8410159267056
730,80143,MILKA CARAMAL 100G,,Cash,0.00,200.00,1,0.00,,7622300086404
731,80151,CHO CHO CHEESE,,jublee,29.00,45.00,20,580.00,,8992952950484
732,80152,CHO CHO VANILLA,,jublee,29.00,45.00,4,116.00,,8992952924669
733,80162,TIFFANY HAZELNUT WAFERS 150G,,A ONE SANDEEP,53.00,75.00,11,583.09,,6291003007095
734,80165,NESCAFE CLASIC 50G,,A ONE SANDEEP,125.00,200.00,5,625.08,,7891000071809
735,80167,VOCHELLE HAZELNUTS GB-180G,,A ONE SANDEEP,250.00,350.00,8,1999.98,,9556049003119
736,80169,VOCHELLE ALMONDS GB-180G,,A ONE SANDEEP,250.00,350.00,2,499.99,,9556049003126
737,80189,PRINGLES orginal 40G,,MAHAVIR,60.00,70.00,2,120.00,,038000845512
738,80191,LIND LINDOR ASSOURTED 200G,,MAHAVIR,550.00,1000.00,2,1100.03,,8003340090276
739,80192,LINDT LINDOR EXTRA DRAK,,local purchase,550.00,1000.00,2,1100.00,,8003340090269
740,80200,ANNELEENS WHITE GRAPE,,A ONE SANDEEP,130.00,250.00,2,260.01,,5414145066008
741,80201,MOGUMOGU PcsEAPPLE 300ML,,local purchase,43.33,55.00,31,1343.31,,8850389100868
742,80202,RANI STOWARRY 180ML,,MAHAVIR,23.33,30.00,2,46.66,,6281034903916
743,80207,CHIKO ECLR CHOCO 750,,Cash,195.00,290.00,9,1755.00,,9501034778008
744,80218,SPRING ALMOUND MILK CHOLATE,,Cash,100.00,200.00,1,100.00,,9555711701414
745,80227,TOBLERONE DARK 100G,,jublee,85.00,150.00,27,2295.01,,7614500010617
746,80228,TOBLERONE 100 G fruit & Nut chocolate,,A ONE SANDEEP,77.50,135.00,8,619.95,,7614500010013
747,80229,TOBLERONE WITH 100G,,MAHAVIR,90.00,150.00,25,2250.10,,7614500010310
748,80234,KOKOLA FAMALY,,A ONE SANDEEP,195.00,300.00,1,195.01,,8998389683278
749,80243,EXTRA CLASIC BUBBLE,,Cash,91.67,150.00,1,91.67,,2284509
750,80248,Peanut m&m 45g,,A ONE SANDEEP,35.41,80.00,17,602.00,,40111445
751,80251,BOUNTY  57G,,prathamesh enterprise,37.50,50.00,30,1012.56,1806,40111216
752,80252,DAVIDOFF R AROMA 100G,,A ONE SANDEEP,310.00,550.00,1,310.02,0901,4006067084225
753,80253,MARS BAR 51G,,A ONE SANDEEP,25.41,40.00,24,609.94,18069010,5000159407236
754,80259,TWIX II BAR 50G,,prathamesh enterprise,37.50,50.00,6,202.51,1806,5000159459228
755,80264,MAGIC POP  POP CANDY 5.5G,,A ONE SANDEEP,4.62,10.00,86,397.34,,6929354789659
756,80273,MUNCHYS KRAKER SAYURAN,,A ONE SANDEEP,135.00,170.00,2,270.00,,9556439888562
757,80288,maltesers,,Cash,280.00,360.00,1,280.00,,5000159031103
758,80296,MOGUMOGU ORANGE 300ML,,local purchase,43.33,55.00,7,303.33,,8850389100677
759,80298,MOGUMOGU MANGO 300ML,,MAHAVIR,41.66,55.00,4,166.65,,8850389100769
760,80307,PRINGLES 40G,,jublee,50.00,70.00,1,50.00,,5053990107261
761,80312,RED BULL 250ML,,MAHAVIR,75.00,110.00,23,1725.01,,90162602
762,80315,TANG MANGO 2.5Kgs,,A ONE SANDEEP,640.00,1000.00,3,1920.00,,7622300489960
763,80329,HARTTLES APRICOT JAM 340G,,RAJKALA INDUSTRIES PVT,184.15,275.00,1,184.12,,50354085
764,80330,BLACKCURRENT JAM 340G,,RAJKALA INDUSTRIES PVT,184.15,275.00,1,184.12,,50354092
765,80341,MOGUMOGU GRAPE 300ML,,A ONE SANDEEP,43.33,55.00,10,433.32,,8850389101391
766,80342,MOGUMOGU APPLE 300ML,,local purchase,43.33,55.00,7,303.33,,8850389105399
767,80352,STute daibetic jam apricot 430g,,A ONE SANDEEP,185.00,350.00,1,185.01,,4006424022389
768,80353,STUTE DAIBETIC JAM TCORNG 430G,,A ONE SANDEEP,185.00,350.00,1,185.00,,4006424022693
769,80354,STUTE FINE CUT ORANGE 430G,,A ONE SANDEEP,190.00,350.00,1,189.99,,4006424022686
770,80356,JAF TEA EG 50G,,MAHAVIR,180.00,230.00,1,180.01,,4791038200499
771,80357,FLEMISH PINK,,MAHAVIR,70.00,99.00,12,840.00,,5414145066664
772,80368,FLEMISH BULE,,MAHAVIR,70.00,99.00,5,350.02,,5414145066640
773,80369,flemish purple,,MAHAVIR,70.00,99.00,7,490.02,,5414145066657
774,80370,FLEMISH RED 330ML,,MAHAVIR,70.00,99.00,10,700.03,,5414145066633
775,80383,SHANI 300 ML,,MAHAVIR,45.83,75.00,21,962.56,,012000800368
776,80385,PEPSY 300ML,,MAHAVIR,37.50,50.00,24,900.01,,012000800047
777,80386,7 UP 300ML,,MAHAVIR,37.50,50.00,23,862.51,,012000800313
778,80389,LINDT SWISS MILK CHO 100G,,jublee,195.00,300.00,2,390.03,,7610400010016
779,80395,TOBLERONE CRUNCHY ALMUND,,local purchase,90.00,150.00,11,990.00,,7622300710613
780,80410,KERK CHO SANDWICH230G,,A ONE SANDEEP,125.00,199.00,5,625.03,,9556085793821
781,80424,LINDT LINDOR ORANGE 200G,,local purchase,550.00,1000.00,2,1100.00,,8003340097145
782,80426,RAFFAELLO 30G T3 BAR,,A ONE SANDEEP,51.25,100.00,4,205.00,,80052487
783,80427,DONELLI GRAPE FRUITS,,Cash,0.00,0.00,1,0.00,,8008920654329
784,80432,DAVIDOFF 57 ESPRESSO 250GM,,local purchase,320.00,550.00,4,1280.07,0901,4006067060977
785,80435,LINDT SWISS CLASSIC DARK CHO 100G,,jublee,250.00,300.00,2,500.00,,7610400070188
786,80442,DOLPHIN FRUIT PUDDING 6P 85GM,,anandi bai,70.00,120.00,8,560.00,,9555028704740
787,80444,CADBURRY FLAKE 18G,,A ONE SANDEEP,23.05,50.00,35,806.69,,5000312003602
788,80445,chiko kokanaut,,anandi bai,195.00,280.00,16,3120.00,,9501034689007
789,80459,FIGARO SLCD G OLIVE 450GM,,MAHAVIR,100.00,150.00,1,100.00,,8410159270056
790,80465,FRESHS PENUT BUTTER CRUNCHY,,Cash,0.00,140.00,2,0.00,,8906065940393
791,80466,SNICKERS 50G,,prathamesh enterprise,30.64,35.00,27,827.28,,5000159461122
792,80468,HARTLEYS BLACK CHERRY 340G,,RAJKALA INDUSTRIES PVT,184.15,275.00,2,368.29,,50354139
793,80480,SPRING MILK CHOCOLATE 100G,,Cash,100.00,150.00,4,400.00,,9555711701186
794,80486,HERSHEYS COKS N CRM 146G,,MAHAVIR,260.00,450.00,2,520.00,,6942836706388
795,80496,SOUR PUNK APPL 40G,,local purchase,20.00,30.00,19,379.99,,8850632603597
796,80501,ALSHIFA HONEY 500ML,,SALEEM BAI,485.00,675.00,2,970.00,,6281073210181
797,80504,ALSHIFA HONEY 250ML,,SALEEM BAI,270.00,340.00,2,540.00,0409,6281073210143
798,80508,anneleen peach,,Cash,135.00,250.00,1,135.00,,5414145066022
799,80520,MAGGI VEG CUBE 20G,,A ONE SANDEEP,12.75,20.00,3,38.25,,6221007004479
800,80533,HARTLEYS PcsEAPPLE 340G,,RAJKALA INDUSTRIES PVT,184.15,275.00,3,552.37,,50354160
801,80534,NESCAFE MATINAL 200G,,jublee,300.00,499.00,4,1200.02,,7891000315606
802,80535,FERRERO ROCHER  T 3,,MAHAVIR,68.75,100.00,18,1237.53,,80050278
803,80536,FERRERO ROCHERT24-300Grm,,local purchase,590.00,799.00,5,2949.91,,8000500009673
804,80538,DELIGHT PRUNCE,,anandi bai,140.00,225.00,7,980.00,,8908005072560
805,80540,FRESHS BUTTER CREAMY 340G,,Cash,90.00,140.00,1,90.00,,8906065940409
806,80554,KOKOZO MANGO,,Cash,33.34,50.00,1,33.34,,8857099004288
807,80577,LINDT 85% CACAO,,jublee,200.00,330.00,2,400.00,,3046920022606
808,80584,ARABIAN ORANGE 290ML,,MAHAVIR,45.83,75.00,4,183.32,,8936085521920
809,80590,LINDT EXCELLENCE 70%DARK,,local purchase,190.00,330.00,3,570.05,,3046920028004
810,80594,TORETTO MILK CHO 1,,Cash,0.00,150.00,1,0.00,,9555711702305
811,80597,NUTELLA  FERRERO 350 G,,MAHAVIR,225.00,325.00,6,1350.02,,80177173
812,80611,HERSHEYS SYRUP STRAWBERRY 623G,,A ONE SANDEEP,150.00,200.00,4,600.00,,8901071706841
813,80616,STUTE STRAWBERRY 430G,,A ONE SANDEEP,190.00,350.00,1,190.01,,4006424022365
814,80632,AMERICAN LYCHEE 290ML,,Cash,45.00,75.00,1,45.00,,8936085521975
815,80633,JAF TEA JASMINE,,Cash,0.00,230.00,3,0.00,,4791038200482
816,80647,arabian pinapple,,A ONE SANDEEP,41.67,75.00,1,41.67,,8936085522033
817,80649,MANTOS ANGGUR 37G,,local purchase,16.25,25.00,8,130.01,,8990800006727
818,80650,AMERICAN GARDEN AC VNGR 473ML,,A ONE SANDEEP,80.00,165.00,3,240.00,,717273501782
819,80651,TOBLERONE 50G,,local purchase,48.50,75.00,5,242.50,,76145513
820,80652,LIINDT EXTRA CREAMY 100G,,local purchase,190.00,330.00,2,380.00,,3046920011013
821,80655,ARABIAN GARDEN PESCH,,A ONE SANDEEP,45.84,75.00,2,91.68,,8936085521944
822,80670,CHO CHO CRISPY,,jublee,29.00,45.00,4,116.00,,8992952924645
823,80676,NESCAFE GOLD BLEND 200G,,Cash,0.00,690.00,1,0.00,,4005500047056
824,80688,TANG LEMON P 500G,,Cash,160.00,220.00,1,160.00,,7622210375438
825,80690,TANG LMN&MINT P 500G,,local purchase,125.00,220.00,2,250.00,,7622210375469
826,80706,SOUR PUNK STBRY 20G,,renz,11.67,20.00,1,11.67,,8850632605867
827,80714,ALSHFA HONEY 1 LET,,SALEEM BAI,885.00,1350.00,2,1770.00,,6281073210228
828,80725,TIFANI CRUNCH N CREAM orange 150GM,,A ONE SANDEEP,53.00,75.00,7,371.06,,6291003005626
829,80726,TIFFANY VANILLA WAFERS 153G,,A ONE SANDEEP,53.00,75.00,2,106.02,,6291003005633
830,80737,RANI ORANGE JUICE 180ML,,MAHAVIR,23.33,30.00,10,233.31,,6281034016012
831,80739,RANI PEACH 180ML,,A ONE SANDEEP,23.33,30.00,13,303.29,,6281034016142
832,80742,GALAXY FRUIT&NUT S40G,,prathamesh enterprise,27.66,40.00,18,448.09,,6221134001129
833,80743,RANI PCSEAPPLE 180ML,,A ONE SANDEEP,23.33,30.00,31,723.22,,6281034000370
834,80745,RANI MANGO JUICE 180ML,,A ONE SANDEEP,23.33,30.00,14,326.62,,6281034903565
835,80746,SKIPPY PEANUT BUTTER,,Cash,0.00,360.00,1,0.00,,037600110723
836,80747,ECLARS CAPPUCCINO,,Cash,170.00,250.00,1,170.00,,6271028080952
837,80749,STute daibetic jam peach 430g,,A ONE SANDEEP,180.00,300.00,3,540.00,,4006424022341
838,80762,SOUR PUNK STBRY 40G,,A ONE SANDEEP,6.39,28.00,2,12.78,,8850632600275
839,80763,SOUR PUNK BBERRY 40G,,jublee,20.41,30.00,4,81.64,,8850632603658
840,80769,TANG TROPCL P 500G,,A ONE SANDEEP,125.00,220.00,4,500.08,,7622210375377
841,80774,MILKA DAIM 100G,,local purchase,130.00,250.00,1,130.00,,7622300185015
842,80775,CADBURY DAIRY MILK BUBBLY 87G,,local purchase,100.00,280.00,4,400.00,,7622210077691
843,80782,TWININGS GREEN TEA 20BAG,,Cash,0.00,250.00,2,0.00,,070177103071
844,80785,TIFFANY STRAWBERRY WAFERS 150G,,A ONE SANDEEP,53.00,75.00,2,106.02,,6291003005619
845,80794,BOOTS DAIBETIC SF PLN 100G,,local purchase,270.00,400.00,2,540.00,,5000167082906
846,80802,LAVACHE CHEEESE 8P,,A ONE SANDEEP,90.00,220.00,3,270.01,,3073786155186
847,80803,Chocodate Almond 100g,,MAHAVIR,70.00,140.00,6,420.04,,8906017971307
848,80807,PRINGLES ORIGNAL 169G,,A ONE SANDEEP,110.00,170.00,1,110.03,,038000844966
849,80813,OREO MINI CHO 67G,,A ONE SANDEEP,80.00,130.00,1,79.99,,7622300761363
850,91101,FIG BIG,,APMC,907.00,1550.00,2,1991.76,,  
851,91102,FIG MEDIUM,,APMC,808.00,1050.00,2,1935.17,0804,  
852,91103,SUNFLOWER SEED,,APMC,190.00,450.00,15,2794.54,,  
853,91104,PUMPKIN SEED ROASTED,,MUKHWASH,900.00,1250.00,3,2814.30,,  
854,91105,CASHEW CHOCOLATE,,m/s new royal,1000.00,1300.00,5,4960.00,,  
855,91107,CARDAMOM 12MM,,m/s new royal,1450.00,2100.00,3,4579.10,,  
856,91112,HONEY MELON DRY,,renz,560.00,740.00,0,1.13,,  
857,91113,CRANBERY SLICE,,APMC,353.00,850.00,11,3899.24,,  
858,91114,BLUE BERRY DRY,,APMC,1265.00,2400.00,4,5385.14,,  
859,91115,DRY DATES YELLOW,,m/s new royal,180.00,350.00,8,1521.00,,  
860,91116,pinappele coin,,APMC,392.00,750.00,8,3012.92,,  
861,91117,MANGO BROKEN,,m/s new royal,600.00,800.00,5,2866.80,,  
862,91118,WATER MELON SEED,,m/s new royal,200.00,550.00,2,499.20,,  
863,91119,Cummin Seed,,m/s new royal,260.00,400.00,3,661.44,,  
864,91120,POPPY SEED,,m/s new royal,680.00,950.00,2,1553.12,,  
865,91121,FLAX SEED,,MUKHWASH,110.00,450.00,10,1089.66,,  
866,91122,AMLA DRY,,m/s new royal,160.00,400.00,9,1368.96,,  
867,91123,HOT MIX NUTS,,m/s new royal,800.00,1200.00,8,6736.80,,  
868,91125,CASHEW  SALT,,m/s new royal,1300.00,1550.00,9,11689.60,,  
869,91126,CASHEW W320,,APMC,891.00,1400.00,13,11919.44,,  
870,91127,CASHEW W240,,PRATAPSINH &CO,918.28,1500.00,12,10852.30,,  
871,91128,CASHEW W180,,PRATAPSINH &CO,1169.28,1650.00,9,10589.62,08013220,  
872,91129,ORANGE SLICE,,APMC,564.00,1000.00,10,5400.90,,  
873,91130,BLACK KISMISS SEED LESS,,APMC,265.00,700.00,17,4591.12,,  
874,91131,CHAROLI,,m/s new royal,900.00,1100.00,4,3160.80,,  
875,91132,GREEN KISMISS SEED LESS,,PRATAPSINH &CO,205.00,550.00,3,614.83,08062010,  
876,91133,CHIA SEED,,m/s new royal,450.00,850.00,4,1688.40,,  
877,91134,PLUMS DRY,,APMC,471.00,890.00,8,3595.61,,  
878,91135,BLACK BERRY,,APMC,470.00,850.00,7,3099.32,,  
879,91136,ALMOND SALT,,m/s new royal,820.00,1400.00,7,5644.88,,  
880,91137,FRUIT MIX,,m/s new royal,600.00,850.00,25,14876.40,,  
881,91138,ALMOND CANDY UAE,,m/s new royal,250.00,400.00,3,632.50,,  
882,91139,APRICOT JARDALU SPECIAL,,APMC,710.00,1600.00,9,6549.04,,  
883,91140,PISTA AMERICA,,APMC,916.00,1350.00,12,10561.96,,  
884,91141,HAZEL NUT,,m/s new royal,900.00,1900.00,4,3321.00,,  
885,91143,CLOVES,,m/s new royal,850.00,1300.00,4,3265.70,,  
886,91144,CINAMON SRILANKHA,,APMC,294.00,550.00,3,969.03,,  
887,91145,CASHEW CHILLY GARLIC,,m/s new royal,1000.00,1400.00,6,5530.00,,  
888,91146,CASHEW PEPPER,,m/s new royal,1000.00,1400.00,5,5448.00,,  
889,91147,CASHEW RED CHILLI,,m/s new royal,1000.00,1400.00,6,5786.00,,  
890,91148,MANGO CANDY CHUNK,,m/s new royal,220.00,400.00,11,2372.04,,  
891,91149,LICHY CHUNK,,m/s new royal,140.00,400.00,9,1301.72,,  
892,91150,MAMRA BADAM-IRAN,,APMC,2254.00,3500.00,6,12486.93,,  
893,91151,PECAN NUT,,m/s new royal,1700.00,2300.00,2,3590.40,,  
894,91152,BRAZIL NUT,,m/s new royal,2300.00,3300.00,3,6844.80,,  
895,91153,KISSMISS IRAN PREMIUM WHITE SL,,Cash,1400.00,375.00,10,14000.00,,  
896,91155,PRUNES      LOOSE,,m/s new royal,460.00,700.00,4,2006.98,,  
897,91156,KIWI GREEN DRY,,APMC,353.00,750.00,11,3816.63,,  
898,91158,BLACK CURRENT,,m/s new royal,340.00,560.00,0,0.68,,  
899,91159,BABY ORANGE,,APMC,417.00,725.00,3,1118.40,,  
900,91160,BABY LEMON,,APMC,392.00,750.00,7,2764.01,,  
901,91161,MANGO TRIANGLE,,m/s new royal,650.00,850.00,3,1730.30,,  
902,91163,GUAVA DRY TRNG,,m/s new royal,540.00,750.00,2,1253.88,,  
903,91164,CHERRY DRY,,APMC,490.00,890.00,3,1373.96,,  
904,91166,ACROT,,APMC,392.00,1100.00,3,1114.06,,  
905,91168,IMLY  CANDY,,m/s new royal,125.00,300.00,14,1806.38,,  
906,91169,CASHEW GREEN CHLLY,,m/s new royal,1000.00,1400.00,5,4936.00,,  
907,91170,PISTA IRAN SALT,,APMC,1142.00,1650.00,9,10131.82,,  
908,91171,STRAWBERRY DRY,,APMC,515.00,850.00,11,5673.49,,  
909,91172,ALMOND CALIFORNIA,,APMC,697.00,1200.00,7,4667.82,,  
910,91175,GREEN KISMISS IRAN,,PRATAPSINH &CO,225.00,700.00,21,4733.04,08062010,  
911,91176,MABROOM DATES M,,APMC,650.00,1000.00,12,8032.76,,  
912,91178,AJWA DATES,,APMC,1350.00,2500.00,13,17693.22,,  
913,91179,MANGO DRY SPECIAL,,APMC,490.00,1000.00,12,5876.83,,  
914,91180,APRICOT DRY TURKEL,,APMC,358.00,850.00,10,3692.44,,  
915,91184,WALL NUT USA,,APMC,1127.00,2050.00,9,10167.77,,  
916,91186,CARDAMOM MKM,,Cash,1400.00,1800.00,1,1534.40,,  
917,91188,BLACK PAPPER BLTW,,m/s new royal,800.00,1300.00,6,4617.60,,  
918,91191,POMELO DRY GREEN SLICE,,APMC,392.00,830.00,4,1568.78,,  
919,91192,GOONDH M,,m/s new royal,260.00,500.00,6,1575.08,,  
920,91193,GOONDH BLRY,,m/s new royal,540.00,740.00,6,3121.20,,  
921,91194,CASHEW W210,,PRATAPSINH &CO,967.00,1550.00,17,17055.85,08013220,  
922,91195,MUNAKKA,,m/s new royal,680.00,950.00,5,3253.12,,  
923,91196,DRY DATES BLACK,,m/s new royal,200.00,350.00,5,999.60,,  
924,91202,"AR BSKT 12""",,renz,300.00,400.00,1,301.54,,  
925,91203,AMC BASKET 9X6,,renz,125.00,200.00,1,125.64,,  
926,91209,B5E BASKET,,renz,125.00,175.00,1,125.64,,  
927,91210,BS W/H BASKET 12X8,,renz,125.00,175.00,3,376.92,,  
928,91211,"BM BASKET 9""S",,renz,40.00,75.00,4,160.82,,  
929,91212,"CANE O&R BASKET 8""",,renz,50.00,100.00,2,100.51,,  
930,91213,AMLA HONEY,,m/s new royal,245.00,450.00,11,2578.38,,  
931,91214,PUMPKIN SEED WITH SHELL,,m/s new royal,420.00,800.00,3,1422.96,,  
932,91215,"CANE MIX BASKET 9""",,renz,125.00,200.00,10,1256.40,,  
933,91216,"CANE R BASKET 10""",,renz,100.00,175.00,3,301.54,,  
934,91219,"CANE R BASKET WW/H 11""",,renz,200.00,300.00,1,201.02,,  
935,91230,"WOODEN R BASKET 10""",,renz,60.00,150.00,2,120.61,,  
936,91232,WOODEN O BASKET 11X9,,renz,65.00,150.00,1,65.33,,  
937,91235,"WOODEN R BASKET 12""",,renz,80.00,160.00,1,80.41,,  
938,91236,"WOODEN R BASKET W/H 12""",,renz,85.00,175.00,1,85.44,,  
939,91237,WOODEN S BASKET W/H 9X9,,renz,75.00,175.00,2,150.77,,  
940,91240,"WOODEN R BASKET 11""",,renz,75.00,150.00,1,75.38,,  
941,91242,ALMOND U S A,,APMC,854.00,1300.00,19,15831.45,,  
942,91243,BLACK SEED,,renz,400.00,700.00,1,479.24,,  
943,91247,STONE CHOCOLATES,,ajfan,290.00,750.00,21,5983.31,,  
944,91248,MUKHWAS GREEN,,MUKHWASH,90.00,250.00,108,9688.50,,  
945,91250,MUKWAS FLAX MIX,,m/s new royal,140.00,350.00,3,384.72,,  
946,91251,GINGER CUBE,,APMC,490.00,840.00,13,6272.28,,  
947,91264,SILVR BLUE APPLE TRAY 245G,,renz,110.25,150.00,1,110.25,,  
948,91265,SILVR YELW APPLE TRAY 260G,,renz,117.00,150.00,1,117.00,,  
949,91266,SILVR GREN PEAR TRAY 425G,,renz,191.25,250.00,1,191.25,,  
950,91267,MACADAMIA NUTS,,m/s new royal,2200.00,2700.00,3,7026.80,,  
951,91273,INDIAN KISSMISS A,,PRATAPSINH &CO,183.00,400.00,29,5354.32,0806,  
952,91275,FIG IRAN MEDIUM,,APMC,907.00,1350.00,3,2294.70,08042090,  
953,91277,YEKTA DATES,,APMC,155.00,400.00,15,2287.49,,  
954,91289,APRICOT JARDALU BIG,,APMC,710.00,1300.00,9,6375.80,,  
955,91290,FANCY SLR TRAY 9X7,,renz,35.00,70.00,2,70.36,,  
956,91310,DRY DATES BROKEN,,m/s new royal,160.00,300.00,6,926.40,,  
957,91314,WAL NUT BRKN LH KSMR,,eskay dry fruit mumbai,1150.00,1600.00,0,4.60,,  
958,91315,WAL NUT SW KSHMR,,APMC,882.00,1800.00,0,3.53,,  
959,91319,PAPAYA CUBE,,APMC,392.00,650.00,6,2377.48,,  
960,91322,FANCY SLR TRAY 6X6,,renz,25.00,50.00,78,1959.98,,  
961,91323,GG BSKT ASSORT,,renz,349.89,750.00,21,7516.02,,  
962,91328,SULTHAN DATES,,APMC,145.00,350.00,23,3368.64,,  
963,91329,CASHEW PAKODA,,m/s new royal,1000.00,1250.00,5,5012.00,,  
964,91331,NUT MIX BRKN Kgs,,m/s new royal,560.00,1000.00,4,2158.24,,  
965,91334,CASHEW ALL MIX,,m/s new royal,1000.00,1500.00,2,2405.00,,  
966,91346,SUKRI DATES.,,APMC,510.00,900.00,5,2803.98,,  
967,91353,Nuts Mix SPL,,local purchase,643.48,1100.00,2,1521.19,,  
968,91363,IMPORTED CHO,,ajfan,230.00,500.00,227,52143.69,,  
969,91369,CHO IMP.,,A ONE SANDEEP,240.00,500.00,0,0.96,,  
970,91375,HM CHO 700/Kgs,,Raju Hommeid cholacolate,360.00,700.00,188,67507.85,,  
971,91384,NUT MIX SPL Kgs,,Cash,484.29,1000.00,0,0.97,,  
972,91386,PINUTS ROSTED,,m/s new royal,3200.00,4500.00,2,7622.40,,  
973,91407,MANGO & LICHY CANDY CHUNK MIX,,m/s new royal,220.00,400.00,0,0.44,,  
974,91435,Kalmi Dates,,haji gani traders,470.00,800.00,14,6671.18,,  
975,91449,NUT MIX SPL Kgs,,m/s new royal,760.00,1000.00,0,1.52,,  
976,91459,pvc round bowel 6'',,local purchase,21.00,40.00,22,462.00,,  
977,91473,JAMUN CHIPS 80GM,,m/s new royal,140.00,210.00,4,560.00,,  
978,91476,Kismis Afghan 2,,APMC,686.00,1000.00,5,3239.97,,  
979,91477,DEGLET NOOR SOFT DATES,,APMC,317.00,700.00,15,4773.69,,  
980,91479,Pineapple Dry Round 2,,APMC,417.00,780.00,18,7318.68,,  
981,91480,Cashew 2 Sp,,PRATAPSINH &CO,799.28,1200.00,6,4712.46,,  
982,91504,PISTHA NON SHAL,,APMC,1352.00,2200.00,10,14177.71,,  
983,91505,ALMUND CALIFORNIYA 2,,APMC,632.00,1000.00,19,11877.25,,  
984,91506,PUMKEM SEED,,APMC,363.00,800.00,18,6618.51,,  
985,91507,PISTA IRAN M,,APMC,857.00,1200.00,11,9029.76,,  
986,91508,CASHEW PUDINA,,m/s new royal,1000.00,1400.00,0,4.00,,  
987,91510,AMLAHUNY W SEED,,m/s new royal,230.00,450.00,6,1358.38,,  
988,91512,BADAM CANDY,,m/s new royal,250.00,390.00,20,4973.50,,  
989,91513,KHAJOOR DRY FRUITS ROLL 250G,,m/s new royal,145.00,210.00,2,290.00,,  
990,91517,dolphin jelly,,anandi bai,1.60,5.00,1045,1672.00,,  
991,91518,mamra badam big,,APMC,2254.00,3700.00,7,16107.81,,  
992,91519,MEDAOUL DATES,,KANDHAR TRADERS,604.80,1500.00,15,12440.03,0804,  
993,91520,YELLO DRY DATES BROKEN,,m/s new royal,200.00,360.00,4,706.00,,  
994,91527,HM CHOLATE 700 KG,,CHOICE BEST CHOCOLATE,420.00,700.00,0,1.68,,  
995,91528,HM CHOLATE 1000 KG,,APMC,588.00,1000.00,19,11231.30,,  
996,91530,mukavas withe,,m/s new royal,90.00,300.00,1,98.28,,  
997,91531,MALAMAL CASHEW,,Cash,840.00,1100.00,0,1.68,,  
998,91532,cashew rose,,m/s new royal,1000.00,1300.00,5,4590.00,,  
999,91534,mukkavas mandas,,MUKHWASH,200.00,400.00,2,376.00,,  
1000,91535,STRAFUN,,Cash,450.00,750.00,4,1665.00,,  
1001,5053990137794,PRINGLES SALT VINEGAR 40G,,jublee,50.00,70.00,1,50.00,,  
1002,6297000361321,AL BARAKAH DATES SYRUP 400G,,m/s new royal,165.00,350.00,1,165.00,,  
1003,8906002484004,SNICKERS  15G,,prathamesh enterprise,7.70,10.00,110,762.34,1806,8906002484003
